Workbook

Sheet Istruzioni
A1: Laboratorio 1 – Iris (Excel 365, IT)
A3: Cosa fare (ordine consigliato)
A4: 1) Dati_grezzi: identifica feature (A:D) e target (species).
A5: 2) Statistiche_guidate: Media/Min/Max per specie sono già pronte. Completa Mediana/Std/Q1/Q3 usando FILTRI di Excel (Filtro per species) e le funzioni dalla barra formule.
A6: 3) Distribuzioni: istogrammi per una feature sepal e una petal (anche per specie).
A7: 4) Scatter: petal length vs petal width con 3 serie (una per specie).
A8: 5) Preprocessing: scegli una feature (B3) e osserva z-score e min-max.
A9: 6) Outlier_IQR: confronta outlier con 1.5×IQR e con |Z|>3.
A10: 7) Consegna: rispondi alle domande e inserisci screenshot dei grafici.

Sheet Dati_grezzi
A1: sepal length (cm) | B1: sepal width (cm) | C1: petal length (cm) | D1: petal width (cm) | E1: species | F1: bin | G1: Contatore | I1: Test T | J1: Colonna di classe
A2: 5.1 | B2: 3.5 | C2: 1.4 | D2: 0.2 | E2: setosa | F2: =IF(Dati_grezzi!C2<=$J$2,"Basso",IF(C2<=$J$3,"Medio","Alto")) -> Basso | G2: 1 | I2: =TTEST(C2:C51,C52:C101,2,3) -> 9.934433e-46 | J2: =_xlfn.PERCENTILE.INC(Dati_grezzi!C2:C151,0.3333) -> 2.62787
A3: 4.9 | B3: 3 | C3: 1.4 | D3: 0.2 | E3: setosa | F3: =IF(Dati_grezzi!C3<=$J$2,"Basso",IF(C3<=$J$3,"Medio","Alto")) -> Basso | G3: 1 | J3: =_xlfn.PERCENTILE.INC(Dati_grezzi!C2:C151,0.66666) -> 4.9
A4: 4.7 | B4: 3.2 | C4: 1.3 | D4: 0.2 | E4: setosa | F4: =IF(Dati_grezzi!C4<=$J$2,"Basso",IF(C4<=$J$3,"Medio","Alto")) -> Basso | G4: 1
A5: 4.6 | B5: 3.1 | C5: 1.5 | D5: 0.2 | E5: setosa | F5: =IF(Dati_grezzi!C5<=$J$2,"Basso",IF(C5<=$J$3,"Medio","Alto")) -> Basso | G5: 1
A6: 5 | B6: 3.6 | C6: 1.4 | D6: 0.2 | E6: setosa | F6: =IF(Dati_grezzi!C6<=$J$2,"Basso",IF(C6<=$J$3,"Medio","Alto")) -> Basso | G6: 1
A7: 5.4 | B7: 3.9 | C7: 1.7 | D7: 0.4 | E7: setosa | F7: =IF(Dati_grezzi!C7<=$J$2,"Basso",IF(C7<=$J$3,"Medio","Alto")) -> Basso | G7: 1
A8: 4.6 | B8: 3.4 | C8: 1.4 | D8: 0.3 | E8: setosa | F8: =IF(Dati_grezzi!C8<=$J$2,"Basso",IF(C8<=$J$3,"Medio","Alto")) -> Basso | G8: 1
A9: 5 | B9: 3.4 | C9: 1.5 | D9: 0.2 | E9: setosa | F9: =IF(Dati_grezzi!C9<=$J$2,"Basso",IF(C9<=$J$3,"Medio","Alto")) -> Basso | G9: 1
A10: 4.4 | B10: 2.9 | C10: 1.4 | D10: 0.2 | E10: setosa | F10: =IF(Dati_grezzi!C10<=$J$2,"Basso",IF(C10<=$J$3,"Medio","Alto")) -> Basso | G10: 1
A11: 4.9 | B11: 3.1 | C11: 1.5 | D11: 0.1 | E11: setosa | F11: =IF(Dati_grezzi!C11<=$J$2,"Basso",IF(C11<=$J$3,"Medio","Alto")) -> Basso | G11: 1
A12: 5.4 | B12: 3.7 | C12: 1.5 | D12: 0.2 | E12: setosa | F12: =IF(Dati_grezzi!C12<=$J$2,"Basso",IF(C12<=$J$3,"Medio","Alto")) -> Basso | G12: 1
A13: 4.8 | B13: 3.4 | C13: 1.6 | D13: 0.2 | E13: setosa | F13: =IF(Dati_grezzi!C13<=$J$2,"Basso",IF(C13<=$J$3,"Medio","Alto")) -> Basso | G13: 1
A14: 4.8 | B14: 3 | C14: 1.4 | D14: 0.1 | E14: setosa | F14: =IF(Dati_grezzi!C14<=$J$2,"Basso",IF(C14<=$J$3,"Medio","Alto")) -> Basso | G14: 1
A15: 4.3 | B15: 3 | C15: 1.1 | D15: 0.1 | E15: setosa | F15: =IF(Dati_grezzi!C15<=$J$2,"Basso",IF(C15<=$J$3,"Medio","Alto")) -> Basso | G15: 1
... A151: 5.9 | B151: 3 | C151: 5.1 | D151: 1.8 | E151: virginica | F151: =IF(Dati_grezzi!C151<=$J$2,"Basso",IF(C151<=$J$3,"Medio","Alto")) -> Alto | G151: 1

Sheet Statistiche_guidate
A1: Feature | B1: Species | C1: Media | D1: Mediana (da calcolare) | E1: Dev.std (da calcolare) | F1: Min | G1: Max | H1: Q1 (da calcolare) | I1: Q3 (da calcolare) | J1: IQR (da calcolare)
A2: sepal length (cm) | B2: setosa | C2: =AVERAGEIF(Dati_grezzi!$E$2:$E$151,"setosa",Dati_grezzi!$A$2:$A$151) -> 5.006 | D2: =MEDIAN(Dati_grezzi!A2:A51) -> 5 | E2: =STDEV(Dati_grezzi!A2:A51) -> 0.35248969 | F2: =_xlfn.MINIFS(Dati_grezzi!$A$2:$A$151,Dati_grezzi!$E$2:$E$151,"setosa") -> 4.3 | G2: =_xlfn.SINGLE(_xlfn.MAXIFS(Dati_grezzi!$A$2:$A$151,Dati_grezzi!$E$2:$E$151,"setosa")) -> 5.8 | H2: =_xlfn.QUARTILE.INC(Dati_grezzi!A2:A51,1) -> 4.8 | I2: =_xlfn.QUARTILE.INC(Dati_grezzi!A2:A51,3) -> 5.2 | J2: =I2-H2 -> 0.4
A3: sepal length (cm) | B3: versicolor | C3: =AVERAGEIF(Dati_grezzi!$E$2:$E$151,"versicolor",Dati_grezzi!$A$2:$A$151) -> 5.936 | F3: =_xlfn.MINIFS(Dati_grezzi!$A$2:$A$151,Dati_grezzi!$E$2:$E$151,"versicolor") -> 4.9 | G3: =_xlfn.SINGLE(_xlfn.MAXIFS(Dati_grezzi!$A$2:$A$151,Dati_grezzi!$E$2:$E$151,"versicolor")) -> 7
A4: sepal length (cm) | B4: virginica | C4: =AVERAGEIF(Dati_grezzi!$E$2:$E$151,"virginica",Dati_grezzi!$A$2:$A$151) -> 6.588 | F4: =_xlfn.MINIFS(Dati_grezzi!$A$2:$A$151,Dati_grezzi!$E$2:$E$151,"virginica") -> 4.9 | G4: =_xlfn.SINGLE(_xlfn.MAXIFS(Dati_grezzi!$A$2:$A$151,Dati_grezzi!$E$2:$E$151,"virginica")) -> 7.9
A5: sepal width (cm) | B5: setosa | C5: =AVERAGEIF(Dati_grezzi!$E$2:$E$151,"setosa",Dati_grezzi!$B$2:$B$151) -> 3.428 | F5: =_xlfn.MINIFS(Dati_grezzi!$B$2:$B$151,Dati_grezzi!$E$2:$E$151,"setosa") -> 2.3 | G5: =_xlfn.SINGLE(_xlfn.MAXIFS(Dati_grezzi!$B$2:$B$151,Dati_grezzi!$E$2:$E$151,"setosa")) -> 4.4
A6: sepal width (cm) | B6: versicolor | C6: =AVERAGEIF(Dati_grezzi!$E$2:$E$151,"versicolor",Dati_grezzi!$B$2:$B$151) -> 2.77 | F6: =_xlfn.MINIFS(Dati_grezzi!$B$2:$B$151,Dati_grezzi!$E$2:$E$151,"versicolor") -> 2 | G6: =_xlfn.SINGLE(_xlfn.MAXIFS(Dati_grezzi!$B$2:$B$151,Dati_grezzi!$E$2:$E$151,"versicolor")) -> 3.4
A7: sepal width (cm) | B7: virginica | C7: =AVERAGEIF(Dati_grezzi!$E$2:$E$151,"virginica",Dati_grezzi!$B$2:$B$151) -> 2.974 | F7: =_xlfn.MINIFS(Dati_grezzi!$B$2:$B$151,Dati_grezzi!$E$2:$E$151,"virginica") -> 2.2 | G7: =_xlfn.SINGLE(_xlfn.MAXIFS(Dati_grezzi!$B$2:$B$151,Dati_grezzi!$E$2:$E$151,"virginica")) -> 3.8
A8: petal length (cm) | B8: setosa | C8: =AVERAGEIF(Dati_grezzi!$E$2:$E$151,"setosa",Dati_grezzi!$C$2:$C$151) -> 1.462 | F8: =_xlfn.MINIFS(Dati_grezzi!$C$2:$C$151,Dati_grezzi!$E$2:$E$151,"setosa") -> 1 | G8: =_xlfn.SINGLE(_xlfn.MAXIFS(Dati_grezzi!$C$2:$C$151,Dati_grezzi!$E$2:$E$151,"setosa")) -> 1.9
A9: petal length (cm) | B9: versicolor | C9: =AVERAGEIF(Dati_grezzi!$E$2:$E$151,"versicolor",Dati_grezzi!$C$2:$C$151) -> 4.26 | F9: =_xlfn.MINIFS(Dati_grezzi!$C$2:$C$151,Dati_grezzi!$E$2:$E$151,"versicolor") -> 3 | G9: =_xlfn.SINGLE(_xlfn.MAXIFS(Dati_grezzi!$C$2:$C$151,Dati_grezzi!$E$2:$E$151,"versicolor")) -> 5.1
A10: petal length (cm) | B10: virginica | C10: =AVERAGEIF(Dati_grezzi!$E$2:$E$151,"virginica",Dati_grezzi!$C$2:$C$151) -> 5.552 | F10: =_xlfn.MINIFS(Dati_grezzi!$C$2:$C$151,Dati_grezzi!$E$2:$E$151,"virginica") -> 4.5 | G10: =_xlfn.SINGLE(_xlfn.MAXIFS(Dati_grezzi!$C$2:$C$151,Dati_grezzi!$E$2:$E$151,"virginica")) -> 6.9
A11: petal width (cm) | B11: setosa | C11: =AVERAGEIF(Dati_grezzi!$E$2:$E$151,"setosa",Dati_grezzi!$D$2:$D$151) -> 0.246 | F11: =_xlfn.SINGLE(_xlfn.MINIFS(Dati_grezzi!$D$2:$D$151,Dati_grezzi!$E$2:$E$151,"setosa")) -> 0.1 | G11: =_xlfn.SINGLE(_xlfn.MAXIFS(Dati_grezzi!$D$2:$D$151,Dati_grezzi!$E$2:$E$151,"setosa")) -> 0.6
A12: petal width (cm) | B12: versicolor | C12: =AVERAGEIF(Dati_grezzi!$E$2:$E$151,"versicolor",Dati_grezzi!$D$2:$D$151) -> 1.326 | F12: =_xlfn.SINGLE(_xlfn.MINIFS(Dati_grezzi!$D$2:$D$151,Dati_grezzi!$E$2:$E$151,"versicolor")) -> 1 | G12: =_xlfn.SINGLE(_xlfn.MAXIFS(Dati_grezzi!$D$2:$D$151,Dati_grezzi!$E$2:$E$151,"versicolor")) -> 1.8
A13: petal width (cm) | B13: virginica | C13: =AVERAGEIF(Dati_grezzi!$E$2:$E$151,"virginica",Dati_grezzi!$D$2:$D$151) -> 2.026 | F13: =_xlfn.SINGLE(_xlfn.MINIFS(Dati_grezzi!$D$2:$D$151,Dati_grezzi!$E$2:$E$151,"virginica")) -> 1.4 | G13: =_xlfn.SINGLE(_xlfn.MAXIFS(Dati_grezzi!$D$2:$D$151,Dati_grezzi!$E$2:$E$151,"virginica")) -> 2.5
A50: Per completare Mediana/Dev.std/Q1/Q3: applica un Filtro su Dati_grezzi per species, poi usa MEDIAN, STDEV.S, QUARTILE.INC su una colonna filtrata (o copia i valori filtrati in una colonna d’appoggio).

Sheet Distribuzioni
A1: Distribuzioni (istogrammi)
A3: Crea istogrammi per una feature sepal e una petal. Poi ripeti per specie.

Sheet Scatter
A1: Scatter plot (da creare in Excel)
A3: Crea uno scatter: x = petal length (cm), y = petal width (cm). Colora per specie (3 serie).

Sheet Preprocessing
A1: Preprocessing su una feature
A3: Feature scelta (scrivi esattamente come in Dati_grezzi): | B3: petal length (cm)
N4: Formula dello z Score: z=(x−μ)/σ ​ | O4: Formula del Min -Max x′=(x−min)/(max−min)​
A5: Valori originali | B5: Z-score | C5: Min-Max [0,1] | E5: Media | F5: Dev.std | G5: Min | H5: Max
A6: =INDEX(Dati_grezzi!$A$2:$D$151,1,MATCH($B$3,Dati_grezzi!$A$1:$D$1,0)) -> 1.4 | B6: =(A6-$E$6)/$F$6 -> -1.3357516 | C6: =(A6-$G$6)/($H$6-$G$6) -> 0.06779661 | E6: =_xlfn.SINGLE(AVERAGE(INDEX(Dati_grezzi!$A$2:$D$151,0,MATCH($B$3,Dati_grezzi!$A$1:$D$1,0)))) -> 3.758 | F6: =_xlfn.SINGLE(_xlfn.STDEV.S(INDEX(Dati_grezzi!$A$2:$D$151,0,MATCH($B$3,Dati_grezzi!$A$1:$D$1,0)))) -> 1.7652982 | G6: =MIN(INDEX(Dati_grezzi!$A$2:$D$151,0,MATCH($B$3,Dati_grezzi!$A$1:$D$1,0))) -> 1 | H6: =MAX(INDEX(Dati_grezzi!$A$2:$D$151,0,MATCH($B$3,Dati_grezzi!$A$1:$D$1,0))) -> 6.9
A7: =INDEX(Dati_grezzi!$A$2:$D$151,2,MATCH($B$3,Dati_grezzi!$A$1:$D$1,0)) -> 1.4 | B7: =(A7-$E$6)/$F$6 -> -1.3357516 | C7: =(A7-$G$6)/($H$6-$G$6) -> 0.06779661
A8: =INDEX(Dati_grezzi!$A$2:$D$151,3,MATCH($B$3,Dati_grezzi!$A$1:$D$1,0)) -> 1.3 | B8: =(A8-$E$6)/$F$6 -> -1.3923993 | C8: =(A8-$G$6)/($H$6-$G$6) -> 0.050847458
A9: =INDEX(Dati_grezzi!$A$2:$D$151,4,MATCH($B$3,Dati_grezzi!$A$1:$D$1,0)) -> 1.5 | B9: =(A9-$E$6)/$F$6 -> -1.279104 | C9: =(A9-$G$6)/($H$6-$G$6) -> 0.084745763
A10: =INDEX(Dati_grezzi!$A$2:$D$151,5,MATCH($B$3,Dati_grezzi!$A$1:$D$1,0)) -> 1.4 | B10: =(A10-$E$6)/$F$6 -> -1.3357516 | C10: =(A10-$G$6)/($H$6-$G$6) -> 0.06779661
A11: =INDEX(Dati_grezzi!$A$2:$D$151,6,MATCH($B$3,Dati_grezzi!$A$1:$D$1,0)) -> 1.7 | B11: =(A11-$E$6)/$F$6 -> -1.1658087 | C11: =(A11-$G$6)/($H$6-$G$6) -> 0.11864407
A12: =INDEX(Dati_grezzi!$A$2:$D$151,7,MATCH($B$3,Dati_grezzi!$A$1:$D$1,0)) -> 1.4 | B12: =(A12-$E$6)/$F$6 -> -1.3357516 | C12: =(A12-$G$6)/($H$6-$G$6) -> 0.06779661
A13: =INDEX(Dati_grezzi!$A$2:$D$151,8,MATCH($B$3,Dati_grezzi!$A$1:$D$1,0)) -> 1.5 | B13: =(A13-$E$6)/$F$6 -> -1.279104 | C13: =(A13-$G$6)/($H$6-$G$6) -> 0.084745763
A14: =INDEX(Dati_grezzi!$A$2:$D$151,9,MATCH($B$3,Dati_grezzi!$A$1:$D$1,0)) -> 1.4 | B14: =(A14-$E$6)/$F$6 -> -1.3357516 | C14: =(A14-$G$6)/($H$6-$G$6) -> 0.06779661
A15: =INDEX(Dati_grezzi!$A$2:$D$151,10,MATCH($B$3,Dati_grezzi!$A$1:$D$1,0)) -> 1.5 | B15: =(A15-$E$6)/$F$6 -> -1.279104 | C15: =(A15-$G$6)/($H$6-$G$6) -> 0.084745763
A16: =INDEX(Dati_grezzi!$A$2:$D$151,11,MATCH($B$3,Dati_grezzi!$A$1:$D$1,0)) -> 1.5 | B16: =(A16-$E$6)/$F$6 -> -1.279104 | C16: =(A16-$G$6)/($H$6-$G$6) -> 0.084745763
A17: =INDEX(Dati_grezzi!$A$2:$D$151,12,MATCH($B$3,Dati_grezzi!$A$1:$D$1,0)) -> 1.6 | B17: =(A17-$E$6)/$F$6 -> -1.2224563 | C17: =(A17-$G$6)/($H$6-$G$6) -> 0.10169492
A18: =INDEX(Dati_grezzi!$A$2:$D$151,13,MATCH($B$3,Dati_grezzi!$A$1:$D$1,0)) -> 1.4 | B18: =(A18-$E$6)/$F$6 -> -1.3357516 | C18: =(A18-$G$6)/($H$6-$G$6) -> 0.06779661
A19: =INDEX(Dati_grezzi!$A$2:$D$151,14,MATCH($B$3,Dati_grezzi!$A$1:$D$1,0)) -> 1.1 | B19: =(A19-$E$6)/$F$6 -> -1.5056946 | C19: =(A19-$G$6)/($H$6-$G$6) -> 0.016949153
A20: =INDEX(Dati_grezzi!$A$2:$D$151,15,MATCH($B$3,Dati_grezzi!$A$1:$D$1,0)) -> 1.2 | B20: =(A20-$E$6)/$F$6 -> -1.4490469 | C20: =(A20-$G$6)/($H$6-$G$6) -> 0.033898305
A21: =INDEX(Dati_grezzi!$A$2:$D$151,16,MATCH($B$3,Dati_grezzi!$A$1:$D$1,0)) -> 1.5 | B21: =(A21-$E$6)/$F$6 -> -1.279104 | C21: =(A21-$G$6)/($H$6-$G$6) -> 0.084745763
A22: =INDEX(Dati_grezzi!$A$2:$D$151,17,MATCH($B$3,Dati_grezzi!$A$1:$D$1,0)) -> 1.3 | B22: =(A22-$E$6)/$F$6 -> -1.3923993 | C22: =(A22-$G$6)/($H$6-$G$6) -> 0.050847458
A23: =INDEX(Dati_grezzi!$A$2:$D$151,18,MATCH($B$3,Dati_grezzi!$A$1:$D$1,0)) -> 1.4 | B23: =(A23-$E$6)/$F$6 -> -1.3357516 | C23: =(A23-$G$6)/($H$6-$G$6) -> 0.06779661
A24: =INDEX(Dati_grezzi!$A$2:$D$151,19,MATCH($B$3,Dati_grezzi!$A$1:$D$1,0)) -> 1.7 | B24: =(A24-$E$6)/$F$6 -> -1.1658087 | C24: =(A24-$G$6)/($H$6-$G$6) -> 0.11864407
A25: =INDEX(Dati_grezzi!$A$2:$D$151,20,MATCH($B$3,Dati_grezzi!$A$1:$D$1,0)) -> 1.5 | B25: =(A25-$E$6)/$F$6 -> -1.279104 | C25: =(A25-$G$6)/($H$6-$G$6) -> 0.084745763
A26: =INDEX(Dati_grezzi!$A$2:$D$151,21,MATCH($B$3,Dati_grezzi!$A$1:$D$1,0)) -> 1.7 | B26: =(A26-$E$6)/$F$6 -> -1.1658087 | C26: =(A26-$G$6)/($H$6-$G$6) -> 0.11864407
A27: =INDEX(Dati_grezzi!$A$2:$D$151,22,MATCH($B$3,Dati_grezzi!$A$1:$D$1,0)) -> 1.5 | B27: =(A27-$E$6)/$F$6 -> -1.279104 | C27: =(A27-$G$6)/($H$6-$G$6) -> 0.084745763
A28: =INDEX(Dati_grezzi!$A$2:$D$151,23,MATCH($B$3,Dati_grezzi!$A$1:$D$1,0)) -> 1 | B28: =(A28-$E$6)/$F$6 -> -1.5623422 | C28: =(A28-$G$6)/($H$6-$G$6) -> 0
A29: =INDEX(Dati_grezzi!$A$2:$D$151,24,MATCH($B$3,Dati_grezzi!$A$1:$D$1,0)) -> 1.7 | B29: =(A29-$E$6)/$F$6 -> -1.1658087 | C29: =(A29-$G$6)/($H$6-$G$6) -> 0.11864407
A30: =INDEX(Dati_grezzi!$A$2:$D$151,25,MATCH($B$3,Dati_grezzi!$A$1:$D$1,0)) -> 1.9 | B30: =(A30-$E$6)/$F$6 -> -1.0525134 | C30: =(A30-$G$6)/($H$6-$G$6) -> 0.15254237
A31: =INDEX(Dati_grezzi!$A$2:$D$151,26,MATCH($B$3,Dati_grezzi!$A$1:$D$1,0)) -> 1.6 | B31: =(A31-$E$6)/$F$6 -> -1.2224563 | C31: =(A31-$G$6)/($H$6-$G$6) -> 0.10169492
A32: =INDEX(Dati_grezzi!$A$2:$D$151,27,MATCH($B$3,Dati_grezzi!$A$1:$D$1,0)) -> 1.6 | B32: =(A32-$E$6)/$F$6 -> -1.2224563 | C32: =(A32-$G$6)/($H$6-$G$6) -> 0.10169492
A33: =INDEX(Dati_grezzi!$A$2:$D$151,28,MATCH($B$3,Dati_grezzi!$A$1:$D$1,0)) -> 1.5 | B33: =(A33-$E$6)/$F$6 -> -1.279104 | C33: =(A33-$G$6)/($H$6-$G$6) -> 0.084745763
A34: =INDEX(Dati_grezzi!$A$2:$D$151,29,MATCH($B$3,Dati_grezzi!$A$1:$D$1,0)) -> 1.4 | B34: =(A34-$E$6)/$F$6 -> -1.3357516 | C34: =(A34-$G$6)/($H$6-$G$6) -> 0.06779661
A35: =INDEX(Dati_grezzi!$A$2:$D$151,30,MATCH($B$3,Dati_grezzi!$A$1:$D$1,0)) -> 1.6 | B35: =(A35-$E$6)/$F$6 -> -1.2224563 | C35: =(A35-$G$6)/($H$6-$G$6) -> 0.10169492
A36: =INDEX(Dati_grezzi!$A$2:$D$151,31,MATCH($B$3,Dati_grezzi!$A$1:$D$1,0)) -> 1.6 | B36: =(A36-$E$6)/$F$6 -> -1.2224563 | C36: =(A36-$G$6)/($H$6-$G$6) -> 0.10169492
A37: =INDEX(Dati_grezzi!$A$2:$D$151,32,MATCH($B$3,Dati_grezzi!$A$1:$D$1,0)) -> 1.5 | B37: =(A37-$E$6)/$F$6 -> -1.279104 | C37: =(A37-$G$6)/($H$6-$G$6) -> 0.084745763
A38: =INDEX(Dati_grezzi!$A$2:$D$151,33,MATCH($B$3,Dati_grezzi!$A$1:$D$1,0)) -> 1.5 | B38: =(A38-$E$6)/$F$6 -> -1.279104 | C38: =(A38-$G$6)/($H$6-$G$6) -> 0.084745763
A39: =INDEX(Dati_grezzi!$A$2:$D$151,34,MATCH($B$3,Dati_grezzi!$A$1:$D$1,0)) -> 1.4 | B39: =(A39-$E$6)/$F$6 -> -1.3357516 | C39: =(A39-$G$6)/($H$6-$G$6) -> 0.06779661
A40: =INDEX(Dati_grezzi!$A$2:$D$151,35,MATCH($B$3,Dati_grezzi!$A$1:$D$1,0)) -> 1.5 | B40: =(A40-$E$6)/$F$6 -> -1.279104 | C40: =(A40-$G$6)/($H$6-$G$6) -> 0.084745763
A41: =INDEX(Dati_grezzi!$A$2:$D$151,36,MATCH($B$3,Dati_grezzi!$A$1:$D$1,0)) -> 1.2 | B41: =(A41-$E$6)/$F$6 -> -1.4490469 | C41: =(A41-$G$6)/($H$6-$G$6) -> 0.033898305
A42: =INDEX(Dati_grezzi!$A$2:$D$151,37,MATCH($B$3,Dati_grezzi!$A$1:$D$1,0)) -> 1.3 | B42: =(A42-$E$6)/$F$6 -> -1.3923993 | C42: =(A42-$G$6)/($H$6-$G$6) -> 0.050847458
A43: =INDEX(Dati_grezzi!$A$2:$D$151,38,MATCH($B$3,Dati_grezzi!$A$1:$D$1,0)) -> 1.4 | B43: =(A43-$E$6)/$F$6 -> -1.3357516 | C43: =(A43-$G$6)/($H$6-$G$6) -> 0.06779661
A44: =INDEX(Dati_grezzi!$A$2:$D$151,39,MATCH($B$3,Dati_grezzi!$A$1:$D$1,0)) -> 1.3 | B44: =(A44-$E$6)/$F$6 -> -1.3923993 | C44: =(A44-$G$6)/($H$6-$G$6) -> 0.050847458
A45: =INDEX(Dati_grezzi!$A$2:$D$151,40,MATCH($B$3,Dati_grezzi!$A$1:$D$1,0)) -> 1.5 | B45: =(A45-$E$6)/$F$6 -> -1.279104 | C45: =(A45-$G$6)/($H$6-$G$6) -> 0.084745763
A46: =INDEX(Dati_grezzi!$A$2:$D$151,41,MATCH($B$3,Dati_grezzi!$A$1:$D$1,0)) -> 1.3 | B46: =(A46-$E$6)/$F$6 -> -1.3923993 | C46: =(A46-$G$6)/($H$6-$G$6) -> 0.050847458
A47: =INDEX(Dati_grezzi!$A$2:$D$151,42,MATCH($B$3,Dati_grezzi!$A$1:$D$1,0)) -> 1.3 | B47: =(A47-$E$6)/$F$6 -> -1.3923993 | C47: =(A47-$G$6)/($H$6-$G$6) -> 0.050847458
A48: =INDEX(Dati_grezzi!$A$2:$D$151,43,MATCH($B$3,Dati_grezzi!$A$1:$D$1,0)) -> 1.3 | B48: =(A48-$E$6)/$F$6 -> -1.3923993 | C48: =(A48-$G$6)/($H$6-$G$6) -> 0.050847458
A49: =INDEX(Dati_grezzi!$A$2:$D$151,44,MATCH($B$3,Dati_grezzi!$A$1:$D$1,0)) -> 1.6 | B49: =(A49-$E$6)/$F$6 -> -1.2224563 | C49: =(A49-$G$6)/($H$6-$G$6) -> 0.10169492
A50: =INDEX(Dati_grezzi!$A$2:$D$151,45,MATCH($B$3,Dati_grezzi!$A$1:$D$1,0)) -> 1.9 | B50: =(A50-$E$6)/$F$6 -> -1.0525134 | C50: =(A50-$G$6)/($H$6-$G$6) -> 0.15254237
A51: =INDEX(Dati_grezzi!$A$2:$D$151,46,MATCH($B$3,Dati_grezzi!$A$1:$D$1,0)) -> 1.4 | B51: =(A51-$E$6)/$F$6 -> -1.3357516 | C51: =(A51-$G$6)/($H$6-$G$6) -> 0.06779661
A52: =INDEX(Dati_grezzi!$A$2:$D$151,47,MATCH($B$3,Dati_grezzi!$A$1:$D$1,0)) -> 1.6 | B52: =(A52-$E$6)/$F$6 -> -1.2224563 | C52: =(A52-$G$6)/($H$6-$G$6) -> 0.10169492
A53: =INDEX(Dati_grezzi!$A$2:$D$151,48,MATCH($B$3,Dati_grezzi!$A$1:$D$1,0)) -> 1.4 | B53: =(A53-$E$6)/$F$6 -> -1.3357516 | C53: =(A53-$G$6)/($H$6-$G$6) -> 0.06779661
A54: =INDEX(Dati_grezzi!$A$2:$D$151,49,MATCH($B$3,Dati_grezzi!$A$1:$D$1,0)) -> 1.5 | B54: =(A54-$E$6)/$F$6 -> -1.279104 | C54: =(A54-$G$6)/($H$6-$G$6) -> 0.084745763
A55: =INDEX(Dati_grezzi!$A$2:$D$151,50,MATCH($B$3,Dati_grezzi!$A$1:$D$1,0)) -> 1.4 | B55: =(A55-$E$6)/$F$6 -> -1.3357516 | C55: =(A55-$G$6)/($H$6-$G$6) -> 0.06779661
A56: =INDEX(Dati_grezzi!$A$2:$D$151,51,MATCH($B$3,Dati_grezzi!$A$1:$D$1,0)) -> 4.7 | B56: =(A56-$E$6)/$F$6 -> 0.53362088 | C56: =(A56-$G$6)/($H$6-$G$6) -> 0.62711864
A57: =INDEX(Dati_grezzi!$A$2:$D$151,52,MATCH($B$3,Dati_grezzi!$A$1:$D$1,0)) -> 4.5 | B57: =(A57-$E$6)/$F$6 -> 0.42032558 | C57: =(A57-$G$6)/($H$6-$G$6) -> 0.59322034
A58: =INDEX(Dati_grezzi!$A$2:$D$151,53,MATCH($B$3,Dati_grezzi!$A$1:$D$1,0)) -> 4.9 | B58: =(A58-$E$6)/$F$6 -> 0.64691619 | C58: =(A58-$G$6)/($H$6-$G$6) -> 0.66101695
A59: =INDEX(Dati_grezzi!$A$2:$D$151,54,MATCH($B$3,Dati_grezzi!$A$1:$D$1,0)) -> 4 | B59: =(A59-$E$6)/$F$6 -> 0.13708732 | C59: =(A59-$G$6)/($H$6-$G$6) -> 0.50847458
A60: =INDEX(Dati_grezzi!$A$2:$D$151,55,MATCH($B$3,Dati_grezzi!$A$1:$D$1,0)) -> 4.6 | B60: =(A60-$E$6)/$F$6 -> 0.47697323 | C60: =(A60-$G$6)/($H$6-$G$6) -> 0.61016949
A61: =INDEX(Dati_grezzi!$A$2:$D$151,56,MATCH($B$3,Dati_grezzi!$A$1:$D$1,0)) -> 4.5 | B61: =(A61-$E$6)/$F$6 -> 0.42032558 | C61: =(A61-$G$6)/($H$6-$G$6) -> 0.59322034
A62: =INDEX(Dati_grezzi!$A$2:$D$151,57,MATCH($B$3,Dati_grezzi!$A$1:$D$1,0)) -> 4.7 | B62: =(A62-$E$6)/$F$6 -> 0.53362088 | C62: =(A62-$G$6)/($H$6-$G$6) -> 0.62711864
A63: =INDEX(Dati_grezzi!$A$2:$D$151,58,MATCH($B$3,Dati_grezzi!$A$1:$D$1,0)) -> 3.3 | B63: =(A63-$E$6)/$F$6 -> -0.25944625 | C63: =(A63-$G$6)/($H$6-$G$6) -> 0.38983051
A64: =INDEX(Dati_grezzi!$A$2:$D$151,59,MATCH($B$3,Dati_grezzi!$A$1:$D$1,0)) -> 4.6 | B64: =(A64-$E$6)/$F$6 -> 0.47697323 | C64: =(A64-$G$6)/($H$6-$G$6) -> 0.61016949
A65: =INDEX(Dati_grezzi!$A$2:$D$151,60,MATCH($B$3,Dati_grezzi!$A$1:$D$1,0)) -> 3.9 | B65: =(A65-$E$6)/$F$6 -> 0.080439666 | C65: =(A65-$G$6)/($H$6-$G$6) -> 0.49152542
A66: =INDEX(Dati_grezzi!$A$2:$D$151,61,MATCH($B$3,Dati_grezzi!$A$1:$D$1,0)) -> 3.5 | B66: =(A66-$E$6)/$F$6 -> -0.14615094 | C66: =(A66-$G$6)/($H$6-$G$6) -> 0.42372881
A67: =INDEX(Dati_grezzi!$A$2:$D$151,62,MATCH($B$3,Dati_grezzi!$A$1:$D$1,0)) -> 4.2 | B67: =(A67-$E$6)/$F$6 -> 0.25038262 | C67: =(A67-$G$6)/($H$6-$G$6) -> 0.54237288
A68: =INDEX(Dati_grezzi!$A$2:$D$151,63,MATCH($B$3,Dati_grezzi!$A$1:$D$1,0)) -> 4 | B68: =(A68-$E$6)/$F$6 -> 0.13708732 | C68: =(A68-$G$6)/($H$6-$G$6) -> 0.50847458
A69: =INDEX(Dati_grezzi!$A$2:$D$151,64,MATCH($B$3,Dati_grezzi!$A$1:$D$1,0)) -> 4.7 | B69: =(A69-$E$6)/$F$6 -> 0.53362088 | C69: =(A69-$G$6)/($H$6-$G$6) -> 0.62711864
A70: =INDEX(Dati_grezzi!$A$2:$D$151,65,MATCH($B$3,Dati_grezzi!$A$1:$D$1,0)) -> 3.6 | B70: =(A70-$E$6)/$F$6 -> -0.08950329 | C70: =(A70-$G$6)/($H$6-$G$6) -> 0.44067797
A71: =INDEX(Dati_grezzi!$A$2:$D$151,66,MATCH($B$3,Dati_grezzi!$A$1:$D$1,0)) -> 4.4 | B71: =(A71-$E$6)/$F$6 -> 0.36367793 | C71: =(A71-$G$6)/($H$6-$G$6) -> 0.57627119
A72: =INDEX(Dati_grezzi!$A$2:$D$151,67,MATCH($B$3,Dati_grezzi!$A$1:$D$1,0)) -> 4.5 | B72: =(A72-$E$6)/$F$6 -> 0.42032558 | C72: =(A72-$G$6)/($H$6-$G$6) -> 0.59322034
A73: =INDEX(Dati_grezzi!$A$2:$D$151,68,MATCH($B$3,Dati_grezzi!$A$1:$D$1,0)) -> 4.1 | B73: =(A73-$E$6)/$F$6 -> 0.19373497 | C73: =(A73-$G$6)/($H$6-$G$6) -> 0.52542373
A74: =INDEX(Dati_grezzi!$A$2:$D$151,69,MATCH($B$3,Dati_grezzi!$A$1:$D$1,0)) -> 4.5 | B74: =(A74-$E$6)/$F$6 -> 0.42032558 | C74: =(A74-$G$6)/($H$6-$G$6) -> 0.59322034
A75: =INDEX(Dati_grezzi!$A$2:$D$151,70,MATCH($B$3,Dati_grezzi!$A$1:$D$1,0)) -> 3.9 | B75: =(A75-$E$6)/$F$6 -> 0.080439666 | C75: =(A75-$G$6)/($H$6-$G$6) -> 0.49152542
A76: =INDEX(Dati_grezzi!$A$2:$D$151,71,MATCH($B$3,Dati_grezzi!$A$1:$D$1,0)) -> 4.8 | B76: =(A76-$E$6)/$F$6 -> 0.59026853 | C76: =(A76-$G$6)/($H$6-$G$6) -> 0.6440678
A77: =INDEX(Dati_grezzi!$A$2:$D$151,72,MATCH($B$3,Dati_grezzi!$A$1:$D$1,0)) -> 4 | B77: =(A77-$E$6)/$F$6 -> 0.13708732 | C77: =(A77-$G$6)/($H$6-$G$6) -> 0.50847458
A78: =INDEX(Dati_grezzi!$A$2:$D$151,73,MATCH($B$3,Dati_grezzi!$A$1:$D$1,0)) -> 4.9 | B78: =(A78-$E$6)/$F$6 -> 0.64691619 | C78: =(A78-$G$6)/($H$6-$G$6) -> 0.66101695
A79: =INDEX(Dati_grezzi!$A$2:$D$151,74,MATCH($B$3,Dati_grezzi!$A$1:$D$1,0)) -> 4.7 | B79: =(A79-$E$6)/$F$6 -> 0.53362088 | C79: =(A79-$G$6)/($H$6-$G$6) -> 0.62711864
A80: =INDEX(Dati_grezzi!$A$2:$D$151,75,MATCH($B$3,Dati_grezzi!$A$1:$D$1,0)) -> 4.3 | B80: =(A80-$E$6)/$F$6 -> 0.30703027 | C80: =(A80-$G$6)/($H$6-$G$6) -> 0.55932203
A81: =INDEX(Dati_grezzi!$A$2:$D$151,76,MATCH($B$3,Dati_grezzi!$A$1:$D$1,0)) -> 4.4 | B81: =(A81-$E$6)/$F$6 -> 0.36367793 | C81: =(A81-$G$6)/($H$6-$G$6) -> 0.57627119
A82: =INDEX(Dati_grezzi!$A$2:$D$151,77,MATCH($B$3,Dati_grezzi!$A$1:$D$1,0)) -> 4.8 | B82: =(A82-$E$6)/$F$6 -> 0.59026853 | C82: =(A82-$G$6)/($H$6-$G$6) -> 0.6440678
A83: =INDEX(Dati_grezzi!$A$2:$D$151,78,MATCH($B$3,Dati_grezzi!$A$1:$D$1,0)) -> 5 | B83: =(A83-$E$6)/$F$6 -> 0.70356384 | C83: =(A83-$G$6)/($H$6-$G$6) -> 0.6779661
A84: =INDEX(Dati_grezzi!$A$2:$D$151,79,MATCH($B$3,Dati_grezzi!$A$1:$D$1,0)) -> 4.5 | B84: =(A84-$E$6)/$F$6 -> 0.42032558 | C84: =(A84-$G$6)/($H$6-$G$6) -> 0.59322034
A85: =INDEX(Dati_grezzi!$A$2:$D$151,80,MATCH($B$3,Dati_grezzi!$A$1:$D$1,0)) -> 3.5 | B85: =(A85-$E$6)/$F$6 -> -0.14615094 | C85: =(A85-$G$6)/($H$6-$G$6) -> 0.42372881
A86: =INDEX(Dati_grezzi!$A$2:$D$151,81,MATCH($B$3,Dati_grezzi!$A$1:$D$1,0)) -> 3.8 | B86: =(A86-$E$6)/$F$6 -> 0.023792014 | C86: =(A86-$G$6)/($H$6-$G$6) -> 0.47457627
A87: =INDEX(Dati_grezzi!$A$2:$D$151,82,MATCH($B$3,Dati_grezzi!$A$1:$D$1,0)) -> 3.7 | B87: =(A87-$E$6)/$F$6 -> -0.032855638 | C87: =(A87-$G$6)/($H$6-$G$6) -> 0.45762712
A88: =INDEX(Dati_grezzi!$A$2:$D$151,83,MATCH($B$3,Dati_grezzi!$A$1:$D$1,0)) -> 3.9 | B88: =(A88-$E$6)/$F$6 -> 0.080439666 | C88: =(A88-$G$6)/($H$6-$G$6) -> 0.49152542
A89: =INDEX(Dati_grezzi!$A$2:$D$151,84,MATCH($B$3,Dati_grezzi!$A$1:$D$1,0)) -> 5.1 | B89: =(A89-$E$6)/$F$6 -> 0.76021149 | C89: =(A89-$G$6)/($H$6-$G$6) -> 0.69491525
A90: =INDEX(Dati_grezzi!$A$2:$D$151,85,MATCH($B$3,Dati_grezzi!$A$1:$D$1,0)) -> 4.5 | B90: =(A90-$E$6)/$F$6 -> 0.42032558 | C90: =(A90-$G$6)/($H$6-$G$6) -> 0.59322034
A91: =INDEX(Dati_grezzi!$A$2:$D$151,86,MATCH($B$3,Dati_grezzi!$A$1:$D$1,0)) -> 4.5 | B91: =(A91-$E$6)/$F$6 -> 0.42032558 | C91: =(A91-$G$6)/($H$6-$G$6) -> 0.59322034
A92: =INDEX(Dati_grezzi!$A$2:$D$151,87,MATCH($B$3,Dati_grezzi!$A$1:$D$1,0)) -> 4.7 | B92: =(A92-$E$6)/$F$6 -> 0.53362088 | C92: =(A92-$G$6)/($H$6-$G$6) -> 0.62711864
A93: =INDEX(Dati_grezzi!$A$2:$D$151,88,MATCH($B$3,Dati_grezzi!$A$1:$D$1,0)) -> 4.4 | B93: =(A93-$E$6)/$F$6 -> 0.36367793 | C93: =(A93-$G$6)/($H$6-$G$6) -> 0.57627119
A94: =INDEX(Dati_grezzi!$A$2:$D$151,89,MATCH($B$3,Dati_grezzi!$A$1:$D$1,0)) -> 4.1 | B94: =(A94-$E$6)/$F$6 -> 0.19373497 | C94: =(A94-$G$6)/($H$6-$G$6) -> 0.52542373
A95: =INDEX(Dati_grezzi!$A$2:$D$151,90,MATCH($B$3,Dati_grezzi!$A$1:$D$1,0)) -> 4 | B95: =(A95-$E$6)/$F$6 -> 0.13708732 | C95: =(A95-$G$6)/($H$6-$G$6) -> 0.50847458
A96: =INDEX(Dati_grezzi!$A$2:$D$151,91,MATCH($B$3,Dati_grezzi!$A$1:$D$1,0)) -> 4.4 | B96: =(A96-$E$6)/$F$6 -> 0.36367793 | C96: =(A96-$G$6)/($H$6-$G$6) -> 0.57627119
A97: =INDEX(Dati_grezzi!$A$2:$D$151,92,MATCH($B$3,Dati_grezzi!$A$1:$D$1,0)) -> 4.6 | B97: =(A97-$E$6)/$F$6 -> 0.47697323 | C97: =(A97-$G$6)/($H$6-$G$6) -> 0.61016949
A98: =INDEX(Dati_grezzi!$A$2:$D$151,93,MATCH($B$3,Dati_grezzi!$A$1:$D$1,0)) -> 4 | B98: =(A98-$E$6)/$F$6 -> 0.13708732 | C98: =(A98-$G$6)/($H$6-$G$6) -> 0.50847458
A99: =INDEX(Dati_grezzi!$A$2:$D$151,94,MATCH($B$3,Dati_grezzi!$A$1:$D$1,0)) -> 3.3 | B99: =(A99-$E$6)/$F$6 -> -0.25944625 | C99: =(A99-$G$6)/($H$6-$G$6) -> 0.38983051
A100: =INDEX(Dati_grezzi!$A$2:$D$151,95,MATCH($B$3,Dati_grezzi!$A$1:$D$1,0)) -> 4.2 | B100: =(A100-$E$6)/$F$6 -> 0.25038262 | C100: =(A100-$G$6)/($H$6-$G$6) -> 0.54237288
A101: =INDEX(Dati_grezzi!$A$2:$D$151,96,MATCH($B$3,Dati_grezzi!$A$1:$D$1,0)) -> 4.2 | B101: =(A101-$E$6)/$F$6 -> 0.25038262 | C101: =(A101-$G$6)/($H$6-$G$6) -> 0.54237288
...

Sheet Outlier_IQR
A1: Outlier: 1.5×IQR vs |Z|>3
A3: Feature scelta: | B3: sepal length (cm)
A4: Valore | B4: Q1 | C4: Q3 | D4: IQR | E4: Lower | F4: Upper | G4: Outlier_IQR? | H4: Z-score | I4: |Z|>3?
A5: =INDEX(Dati_grezzi!$A$2:$D$151,1,MATCH($B$3,Dati_grezzi!$A$1:$D$1,0)) -> 5.1 | B5: =_xlfn.SINGLE(_xlfn.QUARTILE.INC(INDEX(Dati_grezzi!$A$2:$D$151,0,MATCH($B$3,Dati_grezzi!$A$1:$D$1,0)),1)) -> 5.1 | C5: =_xlfn.SINGLE(_xlfn.QUARTILE.INC(INDEX(Dati_grezzi!$A$2:$D$151,0,MATCH($B$3,Dati_grezzi!$A$1:$D$1,0)),3)) -> 6.4 | D5: =C5-B5 -> 1.3 | E5: =B5-1.5*D5 -> 3.15 | F5: =C5+1.5*D5 -> 8.35 | G5: =IF(OR(A5<$E$5,A5>$F$5),"YES","NO") -> NO | H5: =(A5-AVERAGE(INDEX(Dati_grezzi!$A$2:$D$151,0,MATCH($B$3,Dati_grezzi!$A$1:$D$1,0))))/_xlfn.SINGLE(STDEV(INDEX(Dati_grezzi!$A$2:$D$151,0,MATCH($B$3,Dati_grezzi!$A$1:$D$1,0)))) -> -0.89767388 | I5: =IF(ABS(H5)>3,"YES","NO") -> NO
A6: =INDEX(Dati_grezzi!$A$2:$D$151,2,MATCH($B$3,Dati_grezzi!$A$1:$D$1,0)) -> 4.9 | G6: =IF(OR(A6<$E$5,A6>$F$5),"YES","NO") -> NO | H6: =(A6-AVERAGE(INDEX(Dati_grezzi!$A$2:$D$151,0,MATCH($B$3,Dati_grezzi!$A$1:$D$1,0))))/_xlfn.SINGLE(STDEV(INDEX(Dati_grezzi!$A$2:$D$151,0,MATCH($B$3,Dati_grezzi!$A$1:$D$1,0)))) -> -1.1392005 | I6: =IF(ABS(H6)>3,"YES","NO") -> NO
A7: =INDEX(Dati_grezzi!$A$2:$D$151,3,MATCH($B$3,Dati_grezzi!$A$1:$D$1,0)) -> 4.7 | G7: =IF(OR(A7<$E$5,A7>$F$5),"YES","NO") -> NO | H7: =(A7-AVERAGE(INDEX(Dati_grezzi!$A$2:$D$151,0,MATCH($B$3,Dati_grezzi!$A$1:$D$1,0))))/_xlfn.SINGLE(STDEV(INDEX(Dati_grezzi!$A$2:$D$151,0,MATCH($B$3,Dati_grezzi!$A$1:$D$1,0)))) -> -1.3807271 | I7: =IF(ABS(H7)>3,"YES","NO") -> NO
A8: =INDEX(Dati_grezzi!$A$2:$D$151,4,MATCH($B$3,Dati_grezzi!$A$1:$D$1,0)) -> 4.6 | G8: =IF(OR(A8<$E$5,A8>$F$5),"YES","NO") -> NO | H8: =(A8-AVERAGE(INDEX(Dati_grezzi!$A$2:$D$151,0,MATCH($B$3,Dati_grezzi!$A$1:$D$1,0))))/_xlfn.SINGLE(STDEV(INDEX(Dati_grezzi!$A$2:$D$151,0,MATCH($B$3,Dati_grezzi!$A$1:$D$1,0)))) -> -1.5014904 | I8: =IF(ABS(H8)>3,"YES","NO") -> NO
A9: =INDEX(Dati_grezzi!$A$2:$D$151,5,MATCH($B$3,Dati_grezzi!$A$1:$D$1,0)) -> 5 | G9: =IF(OR(A9<$E$5,A9>$F$5),"YES","NO") -> NO | H9: =(A9-AVERAGE(INDEX(Dati_grezzi!$A$2:$D$151,0,MATCH($B$3,Dati_grezzi!$A$1:$D$1,0))))/_xlfn.SINGLE(STDEV(INDEX(Dati_grezzi!$A$2:$D$151,0,MATCH($B$3,Dati_grezzi!$A$1:$D$1,0)))) -> -1.0184372 | I9: =IF(ABS(H9)>3,"YES","NO") -> NO
A10: =INDEX(Dati_grezzi!$A$2:$D$151,6,MATCH($B$3,Dati_grezzi!$A$1:$D$1,0)) -> 5.4 | G10: =IF(OR(A10<$E$5,A10>$F$5),"YES","NO") -> NO | H10: =(A10-AVERAGE(INDEX(Dati_grezzi!$A$2:$D$151,0,MATCH($B$3,Dati_grezzi!$A$1:$D$1,0))))/_xlfn.SINGLE(STDEV(INDEX(Dati_grezzi!$A$2:$D$151,0,MATCH($B$3,Dati_grezzi!$A$1:$D$1,0)))) -> -0.53538397 | I10: =IF(ABS(H10)>3,"YES","NO") -> NO
A11: =INDEX(Dati_grezzi!$A$2:$D$151,7,MATCH($B$3,Dati_grezzi!$A$1:$D$1,0)) -> 4.6 | G11: =IF(OR(A11<$E$5,A11>$F$5),"YES","NO") -> NO | H11: =(A11-AVERAGE(INDEX(Dati_grezzi!$A$2:$D$151,0,MATCH($B$3,Dati_grezzi!$A$1:$D$1,0))))/_xlfn.SINGLE(STDEV(INDEX(Dati_grezzi!$A$2:$D$151,0,MATCH($B$3,Dati_grezzi!$A$1:$D$1,0)))) -> -1.5014904 | I11: =IF(ABS(H11)>3,"YES","NO") -> NO
A12: =INDEX(Dati_grezzi!$A$2:$D$151,8,MATCH($B$3,Dati_grezzi!$A$1:$D$1,0)) -> 5 | G12: =IF(OR(A12<$E$5,A12>$F$5),"YES","NO") -> NO | H12: =(A12-AVERAGE(INDEX(Dati_grezzi!$A$2:$D$151,0,MATCH($B$3,Dati_grezzi!$A$1:$D$1,0))))/_xlfn.SINGLE(STDEV(INDEX(Dati_grezzi!$A$2:$D$151,0,MATCH($B$3,Dati_grezzi!$A$1:$D$1,0)))) -> -1.0184372 | I12: =IF(ABS(H12)>3,"YES","NO") -> NO
A13: =INDEX(Dati_grezzi!$A$2:$D$151,9,MATCH($B$3,Dati_grezzi!$A$1:$D$1,0)) -> 4.4 | G13: =IF(OR(A13<$E$5,A13>$F$5),"YES","NO") -> NO | H13: =(A13-AVERAGE(INDEX(Dati_grezzi!$A$2:$D$151,0,MATCH($B$3,Dati_grezzi!$A$1:$D$1,0))))/_xlfn.SINGLE(STDEV(INDEX(Dati_grezzi!$A$2:$D$151,0,MATCH($B$3,Dati_grezzi!$A$1:$D$1,0)))) -> -1.743017 | I13: =IF(ABS(H13)>3,"YES","NO") -> NO
A14: =INDEX(Dati_grezzi!$A$2:$D$151,10,MATCH($B$3,Dati_grezzi!$A$1:$D$1,0)) -> 4.9 | G14: =IF(OR(A14<$E$5,A14>$F$5),"YES","NO") -> NO | H14: =(A14-AVERAGE(INDEX(Dati_grezzi!$A$2:$D$151,0,MATCH($B$3,Dati_grezzi!$A$1:$D$1,0))))/_xlfn.SINGLE(STDEV(INDEX(Dati_grezzi!$A$2:$D$151,0,MATCH($B$3,Dati_grezzi!$A$1:$D$1,0)))) -> -1.1392005 | I14: =IF(ABS(H14)>3,"YES","NO") -> NO
A15: =INDEX(Dati_grezzi!$A$2:$D$151,11,MATCH($B$3,Dati_grezzi!$A$1:$D$1,0)) -> 5.4 | G15: =IF(OR(A15<$E$5,A15>$F$5),"YES","NO") -> NO | H15: =(A15-AVERAGE(INDEX(Dati_grezzi!$A$2:$D$151,0,MATCH($B$3,Dati_grezzi!$A$1:$D$1,0))))/_xlfn.SINGLE(STDEV(INDEX(Dati_grezzi!$A$2:$D$151,0,MATCH($B$3,Dati_grezzi!$A$1:$D$1,0)))) -> -0.53538397 | I15: =IF(ABS(H15)>3,"YES","NO") -> NO
A16: =INDEX(Dati_grezzi!$A$2:$D$151,12,MATCH($B$3,Dati_grezzi!$A$1:$D$1,0)) -> 4.8 | G16: =IF(OR(A16<$E$5,A16>$F$5),"YES","NO") -> NO | H16: =(A16-AVERAGE(INDEX(Dati_grezzi!$A$2:$D$151,0,MATCH($B$3,Dati_grezzi!$A$1:$D$1,0))))/_xlfn.SINGLE(STDEV(INDEX(Dati_grezzi!$A$2:$D$151,0,MATCH($B$3,Dati_grezzi!$A$1:$D$1,0)))) -> -1.2599638 | I16: =IF(ABS(H16)>3,"YES","NO") -> NO
A17: =INDEX(Dati_grezzi!$A$2:$D$151,13,MATCH($B$3,Dati_grezzi!$A$1:$D$1,0)) -> 4.8 | G17: =IF(OR(A17<$E$5,A17>$F$5),"YES","NO") -> NO | H17: =(A17-AVERAGE(INDEX(Dati_grezzi!$A$2:$D$151,0,MATCH($B$3,Dati_grezzi!$A$1:$D$1,0))))/_xlfn.SINGLE(STDEV(INDEX(Dati_grezzi!$A$2:$D$151,0,MATCH($B$3,Dati_grezzi!$A$1:$D$1,0)))) -> -1.2599638 | I17: =IF(ABS(H17)>3,"YES","NO") -> NO
A18: =INDEX(Dati_grezzi!$A$2:$D$151,14,MATCH($B$3,Dati_grezzi!$A$1:$D$1,0)) -> 4.3 | G18: =IF(OR(A18<$E$5,A18>$F$5),"YES","NO") -> NO | H18: =(A18-AVERAGE(INDEX(Dati_grezzi!$A$2:$D$151,0,MATCH($B$3,Dati_grezzi!$A$1:$D$1,0))))/_xlfn.SINGLE(STDEV(INDEX(Dati_grezzi!$A$2:$D$151,0,MATCH($B$3,Dati_grezzi!$A$1:$D$1,0)))) -> -1.8637803 | I18: =IF(ABS(H18)>3,"YES","NO") -> NO
A19: =INDEX(Dati_grezzi!$A$2:$D$151,15,MATCH($B$3,Dati_grezzi!$A$1:$D$1,0)) -> 5.8 | G19: =IF(OR(A19<$E$5,A19>$F$5),"YES","NO") -> NO | H19: =(A19-AVERAGE(INDEX(Dati_grezzi!$A$2:$D$151,0,MATCH($B$3,Dati_grezzi!$A$1:$D$1,0))))/_xlfn.SINGLE(STDEV(INDEX(Dati_grezzi!$A$2:$D$151,0,MATCH($B$3,Dati_grezzi!$A$1:$D$1,0)))) -> -0.052330764 | I19: =IF(ABS(H19)>3,"YES","NO") -> NO
A20: =INDEX(Dati_grezzi!$A$2:$D$151,16,MATCH($B$3,Dati_grezzi!$A$1:$D$1,0)) -> 5.7 | G20: =IF(OR(A20<$E$5,A20>$F$5),"YES","NO") -> NO | H20: =(A20-AVERAGE(INDEX(Dati_grezzi!$A$2:$D$151,0,MATCH($B$3,Dati_grezzi!$A$1:$D$1,0))))/_xlfn.SINGLE(STDEV(INDEX(Dati_grezzi!$A$2:$D$151,0,MATCH($B$3,Dati_grezzi!$A$1:$D$1,0)))) -> -0.17309407 | I20: =IF(ABS(H20)>3,"YES","NO") -> NO
A21: =INDEX(Dati_grezzi!$A$2:$D$151,17,MATCH($B$3,Dati_grezzi!$A$1:$D$1,0)) -> 5.4 | G21: =IF(OR(A21<$E$5,A21>$F$5),"YES","NO") -> NO | H21: =(A21-AVERAGE(INDEX(Dati_grezzi!$A$2:$D$151,0,MATCH($B$3,Dati_grezzi!$A$1:$D$1,0))))/_xlfn.SINGLE(STDEV(INDEX(Dati_grezzi!$A$2:$D$151,0,MATCH($B$3,Dati_grezzi!$A$1:$D$1,0)))) -> -0.53538397 | I21: =IF(ABS(H21)>3,"YES","NO") -> NO
A22: =INDEX(Dati_grezzi!$A$2:$D$151,18,MATCH($B$3,Dati_grezzi!$A$1:$D$1,0)) -> 5.1 | G22: =IF(OR(A22<$E$5,A22>$F$5),"YES","NO") -> NO | H22: =(A22-AVERAGE(INDEX(Dati_grezzi!$A$2:$D$151,0,MATCH($B$3,Dati_grezzi!$A$1:$D$1,0))))/_xlfn.SINGLE(STDEV(INDEX(Dati_grezzi!$A$2:$D$151,0,MATCH($B$3,Dati_grezzi!$A$1:$D$1,0)))) -> -0.89767388 | I22: =IF(ABS(H22)>3,"YES","NO") -> NO
A23: =INDEX(Dati_grezzi!$A$2:$D$151,19,MATCH($B$3,Dati_grezzi!$A$1:$D$1,0)) -> 5.7 | G23: =IF(OR(A23<$E$5,A23>$F$5),"YES","NO") -> NO | H23: =(A23-AVERAGE(INDEX(Dati_grezzi!$A$2:$D$151,0,MATCH($B$3,Dati_grezzi!$A$1:$D$1,0))))/_xlfn.SINGLE(STDEV(INDEX(Dati_grezzi!$A$2:$D$151,0,MATCH($B$3,Dati_grezzi!$A$1:$D$1,0)))) -> -0.17309407 | I23: =IF(ABS(H23)>3,"YES","NO") -> NO
A24: =INDEX(Dati_grezzi!$A$2:$D$151,20,MATCH($B$3,Dati_grezzi!$A$1:$D$1,0)) -> 5.1 | G24: =IF(OR(A24<$E$5,A24>$F$5),"YES","NO") -> NO | H24: =(A24-AVERAGE(INDEX(Dati_grezzi!$A$2:$D$151,0,MATCH($B$3,Dati_grezzi!$A$1:$D$1,0))))/_xlfn.SINGLE(STDEV(INDEX(Dati_grezzi!$A$2:$D$151,0,MATCH($B$3,Dati_grezzi!$A$1:$D$1,0)))) -> -0.89767388 | I24: =IF(ABS(H24)>3,"YES","NO") -> NO
A25: =INDEX(Dati_grezzi!$A$2:$D$151,21,MATCH($B$3,Dati_grezzi!$A$1:$D$1,0)) -> 5.4 | G25: =IF(OR(A25<$E$5,A25>$F$5),"YES","NO") -> NO | H25: =(A25-AVERAGE(INDEX(Dati_grezzi!$A$2:$D$151,0,MATCH($B$3,Dati_grezzi!$A$1:$D$1,0))))/_xlfn.SINGLE(STDEV(INDEX(Dati_grezzi!$A$2:$D$151,0,MATCH($B$3,Dati_grezzi!$A$1:$D$1,0)))) -> -0.53538397 | I25: =IF(ABS(H25)>3,"YES","NO") -> NO
A26: =INDEX(Dati_grezzi!$A$2:$D$151,22,MATCH($B$3,Dati_grezzi!$A$1:$D$1,0)) -> 5.1 | G26: =IF(OR(A26<$E$5,A26>$F$5),"YES","NO") -> NO | H26: =(A26-AVERAGE(INDEX(Dati_grezzi!$A$2:$D$151,0,MATCH($B$3,Dati_grezzi!$A$1:$D$1,0))))/_xlfn.SINGLE(STDEV(INDEX(Dati_grezzi!$A$2:$D$151,0,MATCH($B$3,Dati_grezzi!$A$1:$D$1,0)))) -> -0.89767388 | I26: =IF(ABS(H26)>3,"YES","NO") -> NO
A27: =INDEX(Dati_grezzi!$A$2:$D$151,23,MATCH($B$3,Dati_grezzi!$A$1:$D$1,0)) -> 4.6 | G27: =IF(OR(A27<$E$5,A27>$F$5),"YES","NO") -> NO | H27: =(A27-AVERAGE(INDEX(Dati_grezzi!$A$2:$D$151,0,MATCH($B$3,Dati_grezzi!$A$1:$D$1,0))))/_xlfn.SINGLE(STDEV(INDEX(Dati_grezzi!$A$2:$D$151,0,MATCH($B$3,Dati_grezzi!$A$1:$D$1,0)))) -> -1.5014904 | I27: =IF(ABS(H27)>3,"YES","NO") -> NO
A28: =INDEX(Dati_grezzi!$A$2:$D$151,24,MATCH($B$3,Dati_grezzi!$A$1:$D$1,0)) -> 5.1 | G28: =IF(OR(A28<$E$5,A28>$F$5),"YES","NO") -> NO | H28: =(A28-AVERAGE(INDEX(Dati_grezzi!$A$2:$D$151,0,MATCH($B$3,Dati_grezzi!$A$1:$D$1,0))))/_xlfn.SINGLE(STDEV(INDEX(Dati_grezzi!$A$2:$D$151,0,MATCH($B$3,Dati_grezzi!$A$1:$D$1,0)))) -> -0.89767388 | I28: =IF(ABS(H28)>3,"YES","NO") -> NO
A29: =INDEX(Dati_grezzi!$A$2:$D$151,25,MATCH($B$3,Dati_grezzi!$A$1:$D$1,0)) -> 4.8 | G29: =IF(OR(A29<$E$5,A29>$F$5),"YES","NO") -> NO | H29: =(A29-AVERAGE(INDEX(Dati_grezzi!$A$2:$D$151,0,MATCH($B$3,Dati_grezzi!$A$1:$D$1,0))))/_xlfn.SINGLE(STDEV(INDEX(Dati_grezzi!$A$2:$D$151,0,MATCH($B$3,Dati_grezzi!$A$1:$D$1,0)))) -> -1.2599638 | I29: =IF(ABS(H29)>3,"YES","NO") -> NO
A30: =INDEX(Dati_grezzi!$A$2:$D$151,26,MATCH($B$3,Dati_grezzi!$A$1:$D$1,0)) -> 5 | G30: =IF(OR(A30<$E$5,A30>$F$5),"YES","NO") -> NO | H30: =(A30-AVERAGE(INDEX(Dati_grezzi!$A$2:$D$151,0,MATCH($B$3,Dati_grezzi!$A$1:$D$1,0))))/_xlfn.SINGLE(STDEV(INDEX(Dati_grezzi!$A$2:$D$151,0,MATCH($B$3,Dati_grezzi!$A$1:$D$1,0)))) -> -1.0184372 | I30: =IF(ABS(H30)>3,"YES","NO") -> NO
A31: =INDEX(Dati_grezzi!$A$2:$D$151,27,MATCH($B$3,Dati_grezzi!$A$1:$D$1,0)) -> 5 | G31: =IF(OR(A31<$E$5,A31>$F$5),"YES","NO") -> NO | H31: =(A31-AVERAGE(INDEX(Dati_grezzi!$A$2:$D$151,0,MATCH($B$3,Dati_grezzi!$A$1:$D$1,0))))/_xlfn.SINGLE(STDEV(INDEX(Dati_grezzi!$A$2:$D$151,0,MATCH($B$3,Dati_grezzi!$A$1:$D$1,0)))) -> -1.0184372 | I31: =IF(ABS(H31)>3,"YES","NO") -> NO
A32: =INDEX(Dati_grezzi!$A$2:$D$151,28,MATCH($B$3,Dati_grezzi!$A$1:$D$1,0)) -> 5.2 | G32: =IF(OR(A32<$E$5,A32>$F$5),"YES","NO") -> NO | H32: =(A32-AVERAGE(INDEX(Dati_grezzi!$A$2:$D$151,0,MATCH($B$3,Dati_grezzi!$A$1:$D$1,0))))/_xlfn.SINGLE(STDEV(INDEX(Dati_grezzi!$A$2:$D$151,0,MATCH($B$3,Dati_grezzi!$A$1:$D$1,0)))) -> -0.77691058 | I32: =IF(ABS(H32)>3,"YES","NO") -> NO
A33: =INDEX(Dati_grezzi!$A$2:$D$151,29,MATCH($B$3,Dati_grezzi!$A$1:$D$1,0)) -> 5.2 | G33: =IF(OR(A33<$E$5,A33>$F$5),"YES","NO") -> NO | H33: =(A33-AVERAGE(INDEX(Dati_grezzi!$A$2:$D$151,0,MATCH($B$3,Dati_grezzi!$A$1:$D$1,0))))/_xlfn.SINGLE(STDEV(INDEX(Dati_grezzi!$A$2:$D$151,0,MATCH($B$3,Dati_grezzi!$A$1:$D$1,0)))) -> -0.77691058 | I33: =IF(ABS(H33)>3,"YES","NO") -> NO
A34: =INDEX(Dati_grezzi!$A$2:$D$151,30,MATCH($B$3,Dati_grezzi!$A$1:$D$1,0)) -> 4.7 | G34: =IF(OR(A34<$E$5,A34>$F$5),"YES","NO") -> NO | H34: =(A34-AVERAGE(INDEX(Dati_grezzi!$A$2:$D$151,0,MATCH($B$3,Dati_grezzi!$A$1:$D$1,0))))/_xlfn.SINGLE(STDEV(INDEX(Dati_grezzi!$A$2:$D$151,0,MATCH($B$3,Dati_grezzi!$A$1:$D$1,0)))) -> -1.3807271 | I34: =IF(ABS(H34)>3,"YES","NO") -> NO
A35: =INDEX(Dati_grezzi!$A$2:$D$151,31,MATCH($B$3,Dati_grezzi!$A$1:$D$1,0)) -> 4.8 | G35: =IF(OR(A35<$E$5,A35>$F$5),"YES","NO") -> NO | H35: =(A35-AVERAGE(INDEX(Dati_grezzi!$A$2:$D$151,0,MATCH($B$3,Dati_grezzi!$A$1:$D$1,0))))/_xlfn.SINGLE(STDEV(INDEX(Dati_grezzi!$A$2:$D$151,0,MATCH($B$3,Dati_grezzi!$A$1:$D$1,0)))) -> -1.2599638 | I35: =IF(ABS(H35)>3,"YES","NO") -> NO
A36: =INDEX(Dati_grezzi!$A$2:$D$151,32,MATCH($B$3,Dati_grezzi!$A$1:$D$1,0)) -> 5.4 | G36: =IF(OR(A36<$E$5,A36>$F$5),"YES","NO") -> NO | H36: =(A36-AVERAGE(INDEX(Dati_grezzi!$A$2:$D$151,0,MATCH($B$3,Dati_grezzi!$A$1:$D$1,0))))/_xlfn.SINGLE(STDEV(INDEX(Dati_grezzi!$A$2:$D$151,0,MATCH($B$3,Dati_grezzi!$A$1:$D$1,0)))) -> -0.53538397 | I36: =IF(ABS(H36)>3,"YES","NO") -> NO
A37: =INDEX(Dati_grezzi!$A$2:$D$151,33,MATCH($B$3,Dati_grezzi!$A$1:$D$1,0)) -> 5.2 | G37: =IF(OR(A37<$E$5,A37>$F$5),"YES","NO") -> NO | H37: =(A37-AVERAGE(INDEX(Dati_grezzi!$A$2:$D$151,0,MATCH($B$3,Dati_grezzi!$A$1:$D$1,0))))/_xlfn.SINGLE(STDEV(INDEX(Dati_grezzi!$A$2:$D$151,0,MATCH($B$3,Dati_grezzi!$A$1:$D$1,0)))) -> -0.77691058 | I37: =IF(ABS(H37)>3,"YES","NO") -> NO
A38: =INDEX(Dati_grezzi!$A$2:$D$151,34,MATCH($B$3,Dati_grezzi!$A$1:$D$1,0)) -> 5.5 | G38: =IF(OR(A38<$E$5,A38>$F$5),"YES","NO") -> NO | H38: =(A38-AVERAGE(INDEX(Dati_grezzi!$A$2:$D$151,0,MATCH($B$3,Dati_grezzi!$A$1:$D$1,0))))/_xlfn.SINGLE(STDEV(INDEX(Dati_grezzi!$A$2:$D$151,0,MATCH($B$3,Dati_grezzi!$A$1:$D$1,0)))) -> -0.41462067 | I38: =IF(ABS(H38)>3,"YES","NO") -> NO
A39: =INDEX(Dati_grezzi!$A$2:$D$151,35,MATCH($B$3,Dati_grezzi!$A$1:$D$1,0)) -> 4.9 | G39: =IF(OR(A39<$E$5,A39>$F$5),"YES","NO") -> NO | H39: =(A39-AVERAGE(INDEX(Dati_grezzi!$A$2:$D$151,0,MATCH($B$3,Dati_grezzi!$A$1:$D$1,0))))/_xlfn.SINGLE(STDEV(INDEX(Dati_grezzi!$A$2:$D$151,0,MATCH($B$3,Dati_grezzi!$A$1:$D$1,0)))) -> -1.1392005 | I39: =IF(ABS(H39)>3,"YES","NO") -> NO
A40: =INDEX(Dati_grezzi!$A$2:$D$151,36,MATCH($B$3,Dati_grezzi!$A$1:$D$1,0)) -> 5 | G40: =IF(OR(A40<$E$5,A40>$F$5),"YES","NO") -> NO | H40: =(A40-AVERAGE(INDEX(Dati_grezzi!$A$2:$D$151,0,MATCH($B$3,Dati_grezzi!$A$1:$D$1,0))))/_xlfn.SINGLE(STDEV(INDEX(Dati_grezzi!$A$2:$D$151,0,MATCH($B$3,Dati_grezzi!$A$1:$D$1,0)))) -> -1.0184372 | I40: =IF(ABS(H40)>3,"YES","NO") -> NO
A41: =INDEX(Dati_grezzi!$A$2:$D$151,37,MATCH($B$3,Dati_grezzi!$A$1:$D$1,0)) -> 5.5 | G41: =IF(OR(A41<$E$5,A41>$F$5),"YES","NO") -> NO | H41: =(A41-AVERAGE(INDEX(Dati_grezzi!$A$2:$D$151,0,MATCH($B$3,Dati_grezzi!$A$1:$D$1,0))))/_xlfn.SINGLE(STDEV(INDEX(Dati_grezzi!$A$2:$D$151,0,MATCH($B$3,Dati_grezzi!$A$1:$D$1,0)))) -> -0.41462067 | I41: =IF(ABS(H41)>3,"YES","NO") -> NO
A42: =INDEX(Dati_grezzi!$A$2:$D$151,38,MATCH($B$3,Dati_grezzi!$A$1:$D$1,0)) -> 4.9 | G42: =IF(OR(A42<$E$5,A42>$F$5),"YES","NO") -> NO | H42: =(A42-AVERAGE(INDEX(Dati_grezzi!$A$2:$D$151,0,MATCH($B$3,Dati_grezzi!$A$1:$D$1,0))))/_xlfn.SINGLE(STDEV(INDEX(Dati_grezzi!$A$2:$D$151,0,MATCH($B$3,Dati_grezzi!$A$1:$D$1,0)))) -> -1.1392005 | I42: =IF(ABS(H42)>3,"YES","NO") -> NO
A43: =INDEX(Dati_grezzi!$A$2:$D$151,39,MATCH($B$3,Dati_grezzi!$A$1:$D$1,0)) -> 4.4 | G43: =IF(OR(A43<$E$5,A43>$F$5),"YES","NO") -> NO | H43: =(A43-AVERAGE(INDEX(Dati_grezzi!$A$2:$D$151,0,MATCH($B$3,Dati_grezzi!$A$1:$D$1,0))))/_xlfn.SINGLE(STDEV(INDEX(Dati_grezzi!$A$2:$D$151,0,MATCH($B$3,Dati_grezzi!$A$1:$D$1,0)))) -> -1.743017 | I43: =IF(ABS(H43)>3,"YES","NO") -> NO
A44: =INDEX(Dati_grezzi!$A$2:$D$151,40,MATCH($B$3,Dati_grezzi!$A$1:$D$1,0)) -> 5.1 | G44: =IF(OR(A44<$E$5,A44>$F$5),"YES","NO") -> NO | H44: =(A44-AVERAGE(INDEX(Dati_grezzi!$A$2:$D$151,0,MATCH($B$3,Dati_grezzi!$A$1:$D$1,0))))/_xlfn.SINGLE(STDEV(INDEX(Dati_grezzi!$A$2:$D$151,0,MATCH($B$3,Dati_grezzi!$A$1:$D$1,0)))) -> -0.89767388 | I44: =IF(ABS(H44)>3,"YES","NO") -> NO
A45: =INDEX(Dati_grezzi!$A$2:$D$151,41,MATCH($B$3,Dati_grezzi!$A$1:$D$1,0)) -> 5 | G45: =IF(OR(A45<$E$5,A45>$F$5),"YES","NO") -> NO | H45: =(A45-AVERAGE(INDEX(Dati_grezzi!$A$2:$D$151,0,MATCH($B$3,Dati_grezzi!$A$1:$D$1,0))))/_xlfn.SINGLE(STDEV(INDEX(Dati_grezzi!$A$2:$D$151,0,MATCH($B$3,Dati_grezzi!$A$1:$D$1,0)))) -> -1.0184372 | I45: =IF(ABS(H45)>3,"YES","NO") -> NO
A46: =INDEX(Dati_grezzi!$A$2:$D$151,42,MATCH($B$3,Dati_grezzi!$A$1:$D$1,0)) -> 4.5 | G46: =IF(OR(A46<$E$5,A46>$F$5),"YES","NO") -> NO | H46: =(A46-AVERAGE(INDEX(Dati_grezzi!$A$2:$D$151,0,MATCH($B$3,Dati_grezzi!$A$1:$D$1,0))))/_xlfn.SINGLE(STDEV(INDEX(Dati_grezzi!$A$2:$D$151,0,MATCH($B$3,Dati_grezzi!$A$1:$D$1,0)))) -> -1.6222537 | I46: =IF(ABS(H46)>3,"YES","NO") -> NO
A47: =INDEX(Dati_grezzi!$A$2:$D$151,43,MATCH($B$3,Dati_grezzi!$A$1:$D$1,0)) -> 4.4 | G47: =IF(OR(A47<$E$5,A47>$F$5),"YES","NO") -> NO | H47: =(A47-AVERAGE(INDEX(Dati_grezzi!$A$2:$D$151,0,MATCH($B$3,Dati_grezzi!$A$1:$D$1,0))))/_xlfn.SINGLE(STDEV(INDEX(Dati_grezzi!$A$2:$D$151,0,MATCH($B$3,Dati_grezzi!$A$1:$D$1,0)))) -> -1.743017 | I47: =IF(ABS(H47)>3,"YES","NO") -> NO
A48: =INDEX(Dati_grezzi!$A$2:$D$151,44,MATCH($B$3,Dati_grezzi!$A$1:$D$1,0)) -> 5 | G48: =IF(OR(A48<$E$5,A48>$F$5),"YES","NO") -> NO | H48: =(A48-AVERAGE(INDEX(Dati_grezzi!$A$2:$D$151,0,MATCH($B$3,Dati_grezzi!$A$1:$D$1,0))))/_xlfn.SINGLE(STDEV(INDEX(Dati_grezzi!$A$2:$D$151,0,MATCH($B$3,Dati_grezzi!$A$1:$D$1,0)))) -> -1.0184372 | I48: =IF(ABS(H48)>3,"YES","NO") -> NO
A49: =INDEX(Dati_grezzi!$A$2:$D$151,45,MATCH($B$3,Dati_grezzi!$A$1:$D$1,0)) -> 5.1 | G49: =IF(OR(A49<$E$5,A49>$F$5),"YES","NO") -> NO | H49: =(A49-AVERAGE(INDEX(Dati_grezzi!$A$2:$D$151,0,MATCH($B$3,Dati_grezzi!$A$1:$D$1,0))))/_xlfn.SINGLE(STDEV(INDEX(Dati_grezzi!$A$2:$D$151,0,MATCH($B$3,Dati_grezzi!$A$1:$D$1,0)))) -> -0.89767388 | I49: =IF(ABS(H49)>3,"YES","NO") -> NO
A50: =INDEX(Dati_grezzi!$A$2:$D$151,46,MATCH($B$3,Dati_grezzi!$A$1:$D$1,0)) -> 4.8 | G50: =IF(OR(A50<$E$5,A50>$F$5),"YES","NO") -> NO | H50: =(A50-AVERAGE(INDEX(Dati_grezzi!$A$2:$D$151,0,MATCH($B$3,Dati_grezzi!$A$1:$D$1,0))))/_xlfn.SINGLE(STDEV(INDEX(Dati_grezzi!$A$2:$D$151,0,MATCH($B$3,Dati_grezzi!$A$1:$D$1,0)))) -> -1.2599638 | I50: =IF(ABS(H50)>3,"YES","NO") -> NO
A51: =INDEX(Dati_grezzi!$A$2:$D$151,47,MATCH($B$3,Dati_grezzi!$A$1:$D$1,0)) -> 5.1 | G51: =IF(OR(A51<$E$5,A51>$F$5),"YES","NO") -> NO | H51: =(A51-AVERAGE(INDEX(Dati_grezzi!$A$2:$D$151,0,MATCH($B$3,Dati_grezzi!$A$1:$D$1,0))))/_xlfn.SINGLE(STDEV(INDEX(Dati_grezzi!$A$2:$D$151,0,MATCH($B$3,Dati_grezzi!$A$1:$D$1,0)))) -> -0.89767388 | I51: =IF(ABS(H51)>3,"YES","NO") -> NO
A52: =INDEX(Dati_grezzi!$A$2:$D$151,48,MATCH($B$3,Dati_grezzi!$A$1:$D$1,0)) -> 4.6 | G52: =IF(OR(A52<$E$5,A52>$F$5),"YES","NO") -> NO | H52: =(A52-AVERAGE(INDEX(Dati_grezzi!$A$2:$D$151,0,MATCH($B$3,Dati_grezzi!$A$1:$D$1,0))))/_xlfn.SINGLE(STDEV(INDEX(Dati_grezzi!$A$2:$D$151,0,MATCH($B$3,Dati_grezzi!$A$1:$D$1,0)))) -> -1.5014904 | I52: =IF(ABS(H52)>3,"YES","NO") -> NO
A53: =INDEX(Dati_grezzi!$A$2:$D$151,49,MATCH($B$3,Dati_grezzi!$A$1:$D$1,0)) -> 5.3 | G53: =IF(OR(A53<$E$5,A53>$F$5),"YES","NO") -> NO | H53: =(A53-AVERAGE(INDEX(Dati_grezzi!$A$2:$D$151,0,MATCH($B$3,Dati_grezzi!$A$1:$D$1,0))))/_xlfn.SINGLE(STDEV(INDEX(Dati_grezzi!$A$2:$D$151,0,MATCH($B$3,Dati_grezzi!$A$1:$D$1,0)))) -> -0.65614727 | I53: =IF(ABS(H53)>3,"YES","NO") -> NO
A54: =INDEX(Dati_grezzi!$A$2:$D$151,50,MATCH($B$3,Dati_grezzi!$A$1:$D$1,0)) -> 5 | G54: =IF(OR(A54<$E$5,A54>$F$5),"YES","NO") -> NO | H54: =(A54-AVERAGE(INDEX(Dati_grezzi!$A$2:$D$151,0,MATCH($B$3,Dati_grezzi!$A$1:$D$1,0))))/_xlfn.SINGLE(STDEV(INDEX(Dati_grezzi!$A$2:$D$151,0,MATCH($B$3,Dati_grezzi!$A$1:$D$1,0)))) -> -1.0184372 | I54: =IF(ABS(H54)>3,"YES","NO") -> NO
A55: =INDEX(Dati_grezzi!$A$2:$D$151,51,MATCH($B$3,Dati_grezzi!$A$1:$D$1,0)) -> 7 | G55: =IF(OR(A55<$E$5,A55>$F$5),"YES","NO") -> NO | H55: =(A55-AVERAGE(INDEX(Dati_grezzi!$A$2:$D$151,0,MATCH($B$3,Dati_grezzi!$A$1:$D$1,0))))/_xlfn.SINGLE(STDEV(INDEX(Dati_grezzi!$A$2:$D$151,0,MATCH($B$3,Dati_grezzi!$A$1:$D$1,0)))) -> 1.3968289 | I55: =IF(ABS(H55)>3,"YES","NO") -> NO
A56: =INDEX(Dati_grezzi!$A$2:$D$151,52,MATCH($B$3,Dati_grezzi!$A$1:$D$1,0)) -> 6.4 | G56: =IF(OR(A56<$E$5,A56>$F$5),"YES","NO") -> NO | H56: =(A56-AVERAGE(INDEX(Dati_grezzi!$A$2:$D$151,0,MATCH($B$3,Dati_grezzi!$A$1:$D$1,0))))/_xlfn.SINGLE(STDEV(INDEX(Dati_grezzi!$A$2:$D$151,0,MATCH($B$3,Dati_grezzi!$A$1:$D$1,0)))) -> 0.67224905 | I56: =IF(ABS(H56)>3,"YES","NO") -> NO
A57: =INDEX(Dati_grezzi!$A$2:$D$151,53,MATCH($B$3,Dati_grezzi!$A$1:$D$1,0)) -> 6.9 | G57: =IF(OR(A57<$E$5,A57>$F$5),"YES","NO") -> NO | H57: =(A57-AVERAGE(INDEX(Dati_grezzi!$A$2:$D$151,0,MATCH($B$3,Dati_grezzi!$A$1:$D$1,0))))/_xlfn.SINGLE(STDEV(INDEX(Dati_grezzi!$A$2:$D$151,0,MATCH($B$3,Dati_grezzi!$A$1:$D$1,0)))) -> 1.2760656 | I57: =IF(ABS(H57)>3,"YES","NO") -> NO
A58: =INDEX(Dati_grezzi!$A$2:$D$151,54,MATCH($B$3,Dati_grezzi!$A$1:$D$1,0)) -> 5.5 | G58: =IF(OR(A58<$E$5,A58>$F$5),"YES","NO") -> NO | H58: =(A58-AVERAGE(INDEX(Dati_grezzi!$A$2:$D$151,0,MATCH($B$3,Dati_grezzi!$A$1:$D$1,0))))/_xlfn.SINGLE(STDEV(INDEX(Dati_grezzi!$A$2:$D$151,0,MATCH($B$3,Dati_grezzi!$A$1:$D$1,0)))) -> -0.41462067 | I58: =IF(ABS(H58)>3,"YES","NO") -> NO
A59: =INDEX(Dati_grezzi!$A$2:$D$151,55,MATCH($B$3,Dati_grezzi!$A$1:$D$1,0)) -> 6.5 | G59: =IF(OR(A59<$E$5,A59>$F$5),"YES","NO") -> NO | H59: =(A59-AVERAGE(INDEX(Dati_grezzi!$A$2:$D$151,0,MATCH($B$3,Dati_grezzi!$A$1:$D$1,0))))/_xlfn.SINGLE(STDEV(INDEX(Dati_grezzi!$A$2:$D$151,0,MATCH($B$3,Dati_grezzi!$A$1:$D$1,0)))) -> 0.79301235 | I59: =IF(ABS(H59)>3,"YES","NO") -> NO
A60: =INDEX(Dati_grezzi!$A$2:$D$151,56,MATCH($B$3,Dati_grezzi!$A$1:$D$1,0)) -> 5.7 | G60: =IF(OR(A60<$E$5,A60>$F$5),"YES","NO") -> NO | H60: =(A60-AVERAGE(INDEX(Dati_grezzi!$A$2:$D$151,0,MATCH($B$3,Dati_grezzi!$A$1:$D$1,0))))/_xlfn.SINGLE(STDEV(INDEX(Dati_grezzi!$A$2:$D$151,0,MATCH($B$3,Dati_grezzi!$A$1:$D$1,0)))) -> -0.17309407 | I60: =IF(ABS(H60)>3,"YES","NO") -> NO
A61: =INDEX(Dati_grezzi!$A$2:$D$151,57,MATCH($B$3,Dati_grezzi!$A$1:$D$1,0)) -> 6.3 | G61: =IF(OR(A61<$E$5,A61>$F$5),"YES","NO") -> NO | H61: =(A61-AVERAGE(INDEX(Dati_grezzi!$A$2:$D$151,0,MATCH($B$3,Dati_grezzi!$A$1:$D$1,0))))/_xlfn.SINGLE(STDEV(INDEX(Dati_grezzi!$A$2:$D$151,0,MATCH($B$3,Dati_grezzi!$A$1:$D$1,0)))) -> 0.55148575 | I61: =IF(ABS(H61)>3,"YES","NO") -> NO
A62: =INDEX(Dati_grezzi!$A$2:$D$151,58,MATCH($B$3,Dati_grezzi!$A$1:$D$1,0)) -> 4.9 | G62: =IF(OR(A62<$E$5,A62>$F$5),"YES","NO") -> NO | H62: =(A62-AVERAGE(INDEX(Dati_grezzi!$A$2:$D$151,0,MATCH($B$3,Dati_grezzi!$A$1:$D$1,0))))/_xlfn.SINGLE(STDEV(INDEX(Dati_grezzi!$A$2:$D$151,0,MATCH($B$3,Dati_grezzi!$A$1:$D$1,0)))) -> -1.1392005 | I62: =IF(ABS(H62)>3,"YES","NO") -> NO
A63: =INDEX(Dati_grezzi!$A$2:$D$151,59,MATCH($B$3,Dati_grezzi!$A$1:$D$1,0)) -> 6.6 | G63: =IF(OR(A63<$E$5,A63>$F$5),"YES","NO") -> NO | H63: =(A63-AVERAGE(INDEX(Dati_grezzi!$A$2:$D$151,0,MATCH($B$3,Dati_grezzi!$A$1:$D$1,0))))/_xlfn.SINGLE(STDEV(INDEX(Dati_grezzi!$A$2:$D$151,0,MATCH($B$3,Dati_grezzi!$A$1:$D$1,0)))) -> 0.91377565 | I63: =IF(ABS(H63)>3,"YES","NO") -> NO
A64: =INDEX(Dati_grezzi!$A$2:$D$151,60,MATCH($B$3,Dati_grezzi!$A$1:$D$1,0)) -> 5.2 | G64: =IF(OR(A64<$E$5,A64>$F$5),"YES","NO") -> NO | H64: =(A64-AVERAGE(INDEX(Dati_grezzi!$A$2:$D$151,0,MATCH($B$3,Dati_grezzi!$A$1:$D$1,0))))/_xlfn.SINGLE(STDEV(INDEX(Dati_grezzi!$A$2:$D$151,0,MATCH($B$3,Dati_grezzi!$A$1:$D$1,0)))) -> -0.77691058 | I64: =IF(ABS(H64)>3,"YES","NO") -> NO
A65: =INDEX(Dati_grezzi!$A$2:$D$151,61,MATCH($B$3,Dati_grezzi!$A$1:$D$1,0)) -> 5 | G65: =IF(OR(A65<$E$5,A65>$F$5),"YES","NO") -> NO | H65: =(A65-AVERAGE(INDEX(Dati_grezzi!$A$2:$D$151,0,MATCH($B$3,Dati_grezzi!$A$1:$D$1,0))))/_xlfn.SINGLE(STDEV(INDEX(Dati_grezzi!$A$2:$D$151,0,MATCH($B$3,Dati_grezzi!$A$1:$D$1,0)))) -> -1.0184372 | I65: =IF(ABS(H65)>3,"YES","NO") -> NO
A66: =INDEX(Dati_grezzi!$A$2:$D$151,62,MATCH($B$3,Dati_grezzi!$A$1:$D$1,0)) -> 5.9 | G66: =IF(OR(A66<$E$5,A66>$F$5),"YES","NO") -> NO | H66: =(A66-AVERAGE(INDEX(Dati_grezzi!$A$2:$D$151,0,MATCH($B$3,Dati_grezzi!$A$1:$D$1,0))))/_xlfn.SINGLE(STDEV(INDEX(Dati_grezzi!$A$2:$D$151,0,MATCH($B$3,Dati_grezzi!$A$1:$D$1,0)))) -> 0.068432538 | I66: =IF(ABS(H66)>3,"YES","NO") -> NO
A67: =INDEX(Dati_grezzi!$A$2:$D$151,63,MATCH($B$3,Dati_grezzi!$A$1:$D$1,0)) -> 6 | G67: =IF(OR(A67<$E$5,A67>$F$5),"YES","NO") -> NO | H67: =(A67-AVERAGE(INDEX(Dati_grezzi!$A$2:$D$151,0,MATCH($B$3,Dati_grezzi!$A$1:$D$1,0))))/_xlfn.SINGLE(STDEV(INDEX(Dati_grezzi!$A$2:$D$151,0,MATCH($B$3,Dati_grezzi!$A$1:$D$1,0)))) -> 0.18919584 | I67: =IF(ABS(H67)>3,"YES","NO") -> NO
A68: =INDEX(Dati_grezzi!$A$2:$D$151,64,MATCH($B$3,Dati_grezzi!$A$1:$D$1,0)) -> 6.1 | G68: =IF(OR(A68<$E$5,A68>$F$5),"YES","NO") -> NO | H68: =(A68-AVERAGE(INDEX(Dati_grezzi!$A$2:$D$151,0,MATCH($B$3,Dati_grezzi!$A$1:$D$1,0))))/_xlfn.SINGLE(STDEV(INDEX(Dati_grezzi!$A$2:$D$151,0,MATCH($B$3,Dati_grezzi!$A$1:$D$1,0)))) -> 0.30995914 | I68: =IF(ABS(H68)>3,"YES","NO") -> NO
A69: =INDEX(Dati_grezzi!$A$2:$D$151,65,MATCH($B$3,Dati_grezzi!$A$1:$D$1,0)) -> 5.6 | G69: =IF(OR(A69<$E$5,A69>$F$5),"YES","NO") -> NO | H69: =(A69-AVERAGE(INDEX(Dati_grezzi!$A$2:$D$151,0,MATCH($B$3,Dati_grezzi!$A$1:$D$1,0))))/_xlfn.SINGLE(STDEV(INDEX(Dati_grezzi!$A$2:$D$151,0,MATCH($B$3,Dati_grezzi!$A$1:$D$1,0)))) -> -0.29385737 | I69: =IF(ABS(H69)>3,"YES","NO") -> NO
A70: =INDEX(Dati_grezzi!$A$2:$D$151,66,MATCH($B$3,Dati_grezzi!$A$1:$D$1,0)) -> 6.7 | G70: =IF(OR(A70<$E$5,A70>$F$5),"YES","NO") -> NO | H70: =(A70-AVERAGE(INDEX(Dati_grezzi!$A$2:$D$151,0,MATCH($B$3,Dati_grezzi!$A$1:$D$1,0))))/_xlfn.SINGLE(STDEV(INDEX(Dati_grezzi!$A$2:$D$151,0,MATCH($B$3,Dati_grezzi!$A$1:$D$1,0)))) -> 1.034539 | I70: =IF(ABS(H70)>3,"YES","NO") -> NO
A71: =INDEX(Dati_grezzi!$A$2:$D$151,67,MATCH($B$3,Dati_grezzi!$A$1:$D$1,0)) -> 5.6 | G71: =IF(OR(A71<$E$5,A71>$F$5),"YES","NO") -> NO | H71: =(A71-AVERAGE(INDEX(Dati_grezzi!$A$2:$D$151,0,MATCH($B$3,Dati_grezzi!$A$1:$D$1,0))))/_xlfn.SINGLE(STDEV(INDEX(Dati_grezzi!$A$2:$D$151,0,MATCH($B$3,Dati_grezzi!$A$1:$D$1,0)))) -> -0.29385737 | I71: =IF(ABS(H71)>3,"YES","NO") -> NO
A72: =INDEX(Dati_grezzi!$A$2:$D$151,68,MATCH($B$3,Dati_grezzi!$A$1:$D$1,0)) -> 5.8 | G72: =IF(OR(A72<$E$5,A72>$F$5),"YES","NO") -> NO | H72: =(A72-AVERAGE(INDEX(Dati_grezzi!$A$2:$D$151,0,MATCH($B$3,Dati_grezzi!$A$1:$D$1,0))))/_xlfn.SINGLE(STDEV(INDEX(Dati_grezzi!$A$2:$D$151,0,MATCH($B$3,Dati_grezzi!$A$1:$D$1,0)))) -> -0.052330764 | I72: =IF(ABS(H72)>3,"YES","NO") -> NO
A73: =INDEX(Dati_grezzi!$A$2:$D$151,69,MATCH($B$3,Dati_grezzi!$A$1:$D$1,0)) -> 6.2 | G73: =IF(OR(A73<$E$5,A73>$F$5),"YES","NO") -> NO | H73: =(A73-AVERAGE(INDEX(Dati_grezzi!$A$2:$D$151,0,MATCH($B$3,Dati_grezzi!$A$1:$D$1,0))))/_xlfn.SINGLE(STDEV(INDEX(Dati_grezzi!$A$2:$D$151,0,MATCH($B$3,Dati_grezzi!$A$1:$D$1,0)))) -> 0.43072244 | I73: =IF(ABS(H73)>3,"YES","NO") -> NO
A74: =INDEX(Dati_grezzi!$A$2:$D$151,70,MATCH($B$3,Dati_grezzi!$A$1:$D$1,0)) -> 5.6 | G74: =IF(OR(A74<$E$5,A74>$F$5),"YES","NO") -> NO | H74: =(A74-AVERAGE(INDEX(Dati_grezzi!$A$2:$D$151,0,MATCH($B$3,Dati_grezzi!$A$1:$D$1,0))))/_xlfn.SINGLE(STDEV(INDEX(Dati_grezzi!$A$2:$D$151,0,MATCH($B$3,Dati_grezzi!$A$1:$D$1,0)))) -> -0.29385737 | I74: =IF(ABS(H74)>3,"YES","NO") -> NO
A75: =INDEX(Dati_grezzi!$A$2:$D$151,71,MATCH($B$3,Dati_grezzi!$A$1:$D$1,0)) -> 5.9 | G75: =IF(OR(A75<$E$5,A75>$F$5),"YES","NO") -> NO | H75: =(A75-AVERAGE(INDEX(Dati_grezzi!$A$2:$D$151,0,MATCH($B$3,Dati_grezzi!$A$1:$D$1,0))))/_xlfn.SINGLE(STDEV(INDEX(Dati_grezzi!$A$2:$D$151,0,MATCH($B$3,Dati_grezzi!$A$1:$D$1,0)))) -> 0.068432538 | I75: =IF(ABS(H75)>3,"YES","NO") -> NO
A76: =INDEX(Dati_grezzi!$A$2:$D$151,72,MATCH($B$3,Dati_grezzi!$A$1:$D$1,0)) -> 6.1 | G76: =IF(OR(A76<$E$5,A76>$F$5),"YES","NO") -> NO | H76: =(A76-AVERAGE(INDEX(Dati_grezzi!$A$2:$D$151,0,MATCH($B$3,Dati_grezzi!$A$1:$D$1,0))))/_xlfn.SINGLE(STDEV(INDEX(Dati_grezzi!$A$2:$D$151,0,MATCH($B$3,Dati_grezzi!$A$1:$D$1,0)))) -> 0.30995914 | I76: =IF(ABS(H76)>3,"YES","NO") -> NO
A77: =INDEX(Dati_grezzi!$A$2:$D$151,73,MATCH($B$3,Dati_grezzi!$A$1:$D$1,0)) -> 6.3 | G77: =IF(OR(A77<$E$5,A77>$F$5),"YES","NO") -> NO | H77: =(A77-AVERAGE(INDEX(Dati_grezzi!$A$2:$D$151,0,MATCH($B$3,Dati_grezzi!$A$1:$D$1,0))))/_xlfn.SINGLE(STDEV(INDEX(Dati_grezzi!$A$2:$D$151,0,MATCH($B$3,Dati_grezzi!$A$1:$D$1,0)))) -> 0.55148575 | I77: =IF(ABS(H77)>3,"YES","NO") -> NO
A78: =INDEX(Dati_grezzi!$A$2:$D$151,74,MATCH($B$3,Dati_grezzi!$A$1:$D$1,0)) -> 6.1 | G78: =IF(OR(A78<$E$5,A78>$F$5),"YES","NO") -> NO | H78: =(A78-AVERAGE(INDEX(Dati_grezzi!$A$2:$D$151,0,MATCH($B$3,Dati_grezzi!$A$1:$D$1,0))))/_xlfn.SINGLE(STDEV(INDEX(Dati_grezzi!$A$2:$D$151,0,MATCH($B$3,Dati_grezzi!$A$1:$D$1,0)))) -> 0.30995914 | I78: =IF(ABS(H78)>3,"YES","NO") -> NO
A79: =INDEX(Dati_grezzi!$A$2:$D$151,75,MATCH($B$3,Dati_grezzi!$A$1:$D$1,0)) -> 6.4 | G79: =IF(OR(A79<$E$5,A79>$F$5),"YES","NO") -> NO | H79: =(A79-AVERAGE(INDEX(Dati_grezzi!$A$2:$D$151,0,MATCH($B$3,Dati_grezzi!$A$1:$D$1,0))))/_xlfn.SINGLE(STDEV(INDEX(Dati_grezzi!$A$2:$D$151,0,MATCH($B$3,Dati_grezzi!$A$1:$D$1,0)))) -> 0.67224905 | I79: =IF(ABS(H79)>3,"YES","NO") -> NO
A80: =INDEX(Dati_grezzi!$A$2:$D$151,76,MATCH($B$3,Dati_grezzi!$A$1:$D$1,0)) -> 6.6 | G80: =IF(OR(A80<$E$5,A80>$F$5),"YES","NO") -> NO | H80: =(A80-AVERAGE(INDEX(Dati_grezzi!$A$2:$D$151,0,MATCH($B$3,Dati_grezzi!$A$1:$D$1,0))))/_xlfn.SINGLE(STDEV(INDEX(Dati_grezzi!$A$2:$D$151,0,MATCH($B$3,Dati_grezzi!$A$1:$D$1,0)))) -> 0.91377565 | I80: =IF(ABS(H80)>3,"YES","NO") -> NO
A81: =INDEX(Dati_grezzi!$A$2:$D$151,77,MATCH($B$3,Dati_grezzi!$A$1:$D$1,0)) -> 6.8 | G81: =IF(OR(A81<$E$5,A81>$F$5),"YES","NO") -> NO | H81: =(A81-AVERAGE(INDEX(Dati_grezzi!$A$2:$D$151,0,MATCH($B$3,Dati_grezzi!$A$1:$D$1,0))))/_xlfn.SINGLE(STDEV(INDEX(Dati_grezzi!$A$2:$D$151,0,MATCH($B$3,Dati_grezzi!$A$1:$D$1,0)))) -> 1.1553023 | I81: =IF(ABS(H81)>3,"YES","NO") -> NO
A82: =INDEX(Dati_grezzi!$A$2:$D$151,78,MATCH($B$3,Dati_grezzi!$A$1:$D$1,0)) -> 6.7 | G82: =IF(OR(A82<$E$5,A82>$F$5),"YES","NO") -> NO | H82: =(A82-AVERAGE(INDEX(Dati_grezzi!$A$2:$D$151,0,MATCH($B$3,Dati_grezzi!$A$1:$D$1,0))))/_xlfn.SINGLE(STDEV(INDEX(Dati_grezzi!$A$2:$D$151,0,MATCH($B$3,Dati_grezzi!$A$1:$D$1,0)))) -> 1.034539 | I82: =IF(ABS(H82)>3,"YES","NO") -> NO
A83: =INDEX(Dati_grezzi!$A$2:$D$151,79,MATCH($B$3,Dati_grezzi!$A$1:$D$1,0)) -> 6 | G83: =IF(OR(A83<$E$5,A83>$F$5),"YES","NO") -> NO | H83: =(A83-AVERAGE(INDEX(Dati_grezzi!$A$2:$D$151,0,MATCH($B$3,Dati_grezzi!$A$1:$D$1,0))))/_xlfn.SINGLE(STDEV(INDEX(Dati_grezzi!$A$2:$D$151,0,MATCH($B$3,Dati_grezzi!$A$1:$D$1,0)))) -> 0.18919584 | I83: =IF(ABS(H83)>3,"YES","NO") -> NO
A84: =INDEX(Dati_grezzi!$A$2:$D$151,80,MATCH($B$3,Dati_grezzi!$A$1:$D$1,0)) -> 5.7 | G84: =IF(OR(A84<$E$5,A84>$F$5),"YES","NO") -> NO | H84: =(A84-AVERAGE(INDEX(Dati_grezzi!$A$2:$D$151,0,MATCH($B$3,Dati_grezzi!$A$1:$D$1,0))))/_xlfn.SINGLE(STDEV(INDEX(Dati_grezzi!$A$2:$D$151,0,MATCH($B$3,Dati_grezzi!$A$1:$D$1,0)))) -> -0.17309407 | I84: =IF(ABS(H84)>3,"YES","NO") -> NO
A85: =INDEX(Dati_grezzi!$A$2:$D$151,81,MATCH($B$3,Dati_grezzi!$A$1:$D$1,0)) -> 5.5 | G85: =IF(OR(A85<$E$5,A85>$F$5),"YES","NO") -> NO | H85: =(A85-AVERAGE(INDEX(Dati_grezzi!$A$2:$D$151,0,MATCH($B$3,Dati_grezzi!$A$1:$D$1,0))))/_xlfn.SINGLE(STDEV(INDEX(Dati_grezzi!$A$2:$D$151,0,MATCH($B$3,Dati_grezzi!$A$1:$D$1,0)))) -> -0.41462067 | I85: =IF(ABS(H85)>3,"YES","NO") -> NO
A86: =INDEX(Dati_grezzi!$A$2:$D$151,82,MATCH($B$3,Dati_grezzi!$A$1:$D$1,0)) -> 5.5 | G86: =IF(OR(A86<$E$5,A86>$F$5),"YES","NO") -> NO | H86: =(A86-AVERAGE(INDEX(Dati_grezzi!$A$2:$D$151,0,MATCH($B$3,Dati_grezzi!$A$1:$D$1,0))))/_xlfn.SINGLE(STDEV(INDEX(Dati_grezzi!$A$2:$D$151,0,MATCH($B$3,Dati_grezzi!$A$1:$D$1,0)))) -> -0.41462067 | I86: =IF(ABS(H86)>3,"YES","NO") -> NO
A87: =INDEX(Dati_grezzi!$A$2:$D$151,83,MATCH($B$3,Dati_grezzi!$A$1:$D$1,0)) -> 5.8 | G87: =IF(OR(A87<$E$5,A87>$F$5),"YES","NO") -> NO | H87: =(A87-AVERAGE(INDEX(Dati_grezzi!$A$2:$D$151,0,MATCH($B$3,Dati_grezzi!$A$1:$D$1,0))))/_xlfn.SINGLE(STDEV(INDEX(Dati_grezzi!$A$2:$D$151,0,MATCH($B$3,Dati_grezzi!$A$1:$D$1,0)))) -> -0.052330764 | I87: =IF(ABS(H87)>3,"YES","NO") -> NO
A88: =INDEX(Dati_grezzi!$A$2:$D$151,84,MATCH($B$3,Dati_grezzi!$A$1:$D$1,0)) -> 6 | G88: =IF(OR(A88<$E$5,A88>$F$5),"YES","NO") -> NO | H88: =(A88-AVERAGE(INDEX(Dati_grezzi!$A$2:$D$151,0,MATCH($B$3,Dati_grezzi!$A$1:$D$1,0))))/_xlfn.SINGLE(STDEV(INDEX(Dati_grezzi!$A$2:$D$151,0,MATCH($B$3,Dati_grezzi!$A$1:$D$1,0)))) -> 0.18919584 | I88: =IF(ABS(H88)>3,"YES","NO") -> NO
A89: =INDEX(Dati_grezzi!$A$2:$D$151,85,MATCH($B$3,Dati_grezzi!$A$1:$D$1,0)) -> 5.4 | G89: =IF(OR(A89<$E$5,A89>$F$5),"YES","NO") -> NO | H89: =(A89-AVERAGE(INDEX(Dati_grezzi!$A$2:$D$151,0,MATCH($B$3,Dati_grezzi!$A$1:$D$1,0))))/_xlfn.SINGLE(STDEV(INDEX(Dati_grezzi!$A$2:$D$151,0,MATCH($B$3,Dati_grezzi!$A$1:$D$1,0)))) -> -0.53538397 | I89: =IF(ABS(H89)>3,"YES","NO") -> NO
A90: =INDEX(Dati_grezzi!$A$2:$D$151,86,MATCH($B$3,Dati_grezzi!$A$1:$D$1,0)) -> 6 | G90: =IF(OR(A90<$E$5,A90>$F$5),"YES","NO") -> NO | H90: =(A90-AVERAGE(INDEX(Dati_grezzi!$A$2:$D$151,0,MATCH($B$3,Dati_grezzi!$A$1:$D$1,0))))/_xlfn.SINGLE(STDEV(INDEX(Dati_grezzi!$A$2:$D$151,0,MATCH($B$3,Dati_grezzi!$A$1:$D$1,0)))) -> 0.18919584 | I90: =IF(ABS(H90)>3,"YES","NO") -> NO
A91: =INDEX(Dati_grezzi!$A$2:$D$151,87,MATCH($B$3,Dati_grezzi!$A$1:$D$1,0)) -> 6.7 | G91: =IF(OR(A91<$E$5,A91>$F$5),"YES","NO") -> NO | H91: =(A91-AVERAGE(INDEX(Dati_grezzi!$A$2:$D$151,0,MATCH($B$3,Dati_grezzi!$A$1:$D$1,0))))/_xlfn.SINGLE(STDEV(INDEX(Dati_grezzi!$A$2:$D$151,0,MATCH($B$3,Dati_grezzi!$A$1:$D$1,0)))) -> 1.034539 | I91: =IF(ABS(H91)>3,"YES","NO") -> NO
A92: =INDEX(Dati_grezzi!$A$2:$D$151,88,MATCH($B$3,Dati_grezzi!$A$1:$D$1,0)) -> 6.3 | G92: =IF(OR(A92<$E$5,A92>$F$5),"YES","NO") -> NO | H92: =(A92-AVERAGE(INDEX(Dati_grezzi!$A$2:$D$151,0,MATCH($B$3,Dati_grezzi!$A$1:$D$1,0))))/_xlfn.SINGLE(STDEV(INDEX(Dati_grezzi!$A$2:$D$151,0,MATCH($B$3,Dati_grezzi!$A$1:$D$1,0)))) -> 0.55148575 | I92: =IF(ABS(H92)>3,"YES","NO") -> NO
A93: =INDEX(Dati_grezzi!$A$2:$D$151,89,MATCH($B$3,Dati_grezzi!$A$1:$D$1,0)) -> 5.6 | G93: =IF(OR(A93<$E$5,A93>$F$5),"YES","NO") -> NO | H93: =(A93-AVERAGE(INDEX(Dati_grezzi!$A$2:$D$151,0,MATCH($B$3,Dati_grezzi!$A$1:$D$1,0))))/_xlfn.SINGLE(STDEV(INDEX(Dati_grezzi!$A$2:$D$151,0,MATCH($B$3,Dati_grezzi!$A$1:$D$1,0)))) -> -0.29385737 | I93: =IF(ABS(H93)>3,"YES","NO") -> NO
A94: =INDEX(Dati_grezzi!$A$2:$D$151,90,MATCH($B$3,Dati_grezzi!$A$1:$D$1,0)) -> 5.5 | G94: =IF(OR(A94<$E$5,A94>$F$5),"YES","NO") -> NO | H94: =(A94-AVERAGE(INDEX(Dati_grezzi!$A$2:$D$151,0,MATCH($B$3,Dati_grezzi!$A$1:$D$1,0))))/_xlfn.SINGLE(STDEV(INDEX(Dati_grezzi!$A$2:$D$151,0,MATCH($B$3,Dati_grezzi!$A$1:$D$1,0)))) -> -0.41462067 | I94: =IF(ABS(H94)>3,"YES","NO") -> NO
A95: =INDEX(Dati_grezzi!$A$2:$D$151,91,MATCH($B$3,Dati_grezzi!$A$1:$D$1,0)) -> 5.5 | G95: =IF(OR(A95<$E$5,A95>$F$5),"YES","NO") -> NO | H95: =(A95-AVERAGE(INDEX(Dati_grezzi!$A$2:$D$151,0,MATCH($B$3,Dati_grezzi!$A$1:$D$1,0))))/_xlfn.SINGLE(STDEV(INDEX(Dati_grezzi!$A$2:$D$151,0,MATCH($B$3,Dati_grezzi!$A$1:$D$1,0)))) -> -0.41462067 | I95: =IF(ABS(H95)>3,"YES","NO") -> NO
A96: =INDEX(Dati_grezzi!$A$2:$D$151,92,MATCH($B$3,Dati_grezzi!$A$1:$D$1,0)) -> 6.1 | G96: =IF(OR(A96<$E$5,A96>$F$5),"YES","NO") -> NO | H96: =(A96-AVERAGE(INDEX(Dati_grezzi!$A$2:$D$151,0,MATCH($B$3,Dati_grezzi!$A$1:$D$1,0))))/_xlfn.SINGLE(STDEV(INDEX(Dati_grezzi!$A$2:$D$151,0,MATCH($B$3,Dati_grezzi!$A$1:$D$1,0)))) -> 0.30995914 | I96: =IF(ABS(H96)>3,"YES","NO") -> NO
A97: =INDEX(Dati_grezzi!$A$2:$D$151,93,MATCH($B$3,Dati_grezzi!$A$1:$D$1,0)) -> 5.8 | G97: =IF(OR(A97<$E$5,A97>$F$5),"YES","NO") -> NO | H97: =(A97-AVERAGE(INDEX(Dati_grezzi!$A$2:$D$151,0,MATCH($B$3,Dati_grezzi!$A$1:$D$1,0))))/_xlfn.SINGLE(STDEV(INDEX(Dati_grezzi!$A$2:$D$151,0,MATCH($B$3,Dati_grezzi!$A$1:$D$1,0)))) -> -0.052330764 | I97: =IF(ABS(H97)>3,"YES","NO") -> NO
A98: =INDEX(Dati_grezzi!$A$2:$D$151,94,MATCH($B$3,Dati_grezzi!$A$1:$D$1,0)) -> 5 | G98: =IF(OR(A98<$E$5,A98>$F$5),"YES","NO") -> NO | H98: =(A98-AVERAGE(INDEX(Dati_grezzi!$A$2:$D$151,0,MATCH($B$3,Dati_grezzi!$A$1:$D$1,0))))/_xlfn.SINGLE(STDEV(INDEX(Dati_grezzi!$A$2:$D$151,0,MATCH($B$3,Dati_grezzi!$A$1:$D$1,0)))) -> -1.0184372 | I98: =IF(ABS(H98)>3,"YES","NO") -> NO
A99: =INDEX(Dati_grezzi!$A$2:$D$151,95,MATCH($B$3,Dati_grezzi!$A$1:$D$1,0)) -> 5.6 | G99: =IF(OR(A99<$E$5,A99>$F$5),"YES","NO") -> NO | H99: =(A99-AVERAGE(INDEX(Dati_grezzi!$A$2:$D$151,0,MATCH($B$3,Dati_grezzi!$A$1:$D$1,0))))/_xlfn.SINGLE(STDEV(INDEX(Dati_grezzi!$A$2:$D$151,0,MATCH($B$3,Dati_grezzi!$A$1:$D$1,0)))) -> -0.29385737 | I99: =IF(ABS(H99)>3,"YES","NO") -> NO
A100: =INDEX(Dati_grezzi!$A$2:$D$151,96,MATCH($B$3,Dati_grezzi!$A$1:$D$1,0)) -> 5.7 | G100: =IF(OR(A100<$E$5,A100>$F$5),"YES","NO") -> NO | H100: =(A100-AVERAGE(INDEX(Dati_grezzi!$A$2:$D$151,0,MATCH($B$3,Dati_grezzi!$A$1:$D$1,0))))/_xlfn.SINGLE(STDEV(INDEX(Dati_grezzi!$A$2:$D$151,0,MATCH($B$3,Dati_grezzi!$A$1:$D$1,0)))) -> -0.17309407 | I100: =IF(ABS(H100)>3,"YES","NO") -> NO
A101: =INDEX(Dati_grezzi!$A$2:$D$151,97,MATCH($B$3,Dati_grezzi!$A$1:$D$1,0)) -> 5.7 | G101: =IF(OR(A101<$E$5,A101>$F$5),"YES","NO") -> NO | H101: =(A101-AVERAGE(INDEX(Dati_grezzi!$A$2:$D$151,0,MATCH($B$3,Dati_grezzi!$A$1:$D$1,0))))/_xlfn.SINGLE(STDEV(INDEX(Dati_grezzi!$A$2:$D$151,0,MATCH($B$3,Dati_grezzi!$A$1:$D$1,0)))) -> -0.17309407 | I101: =IF(ABS(H101)>3,"YES","NO") -> NO
...

Sheet Chi Quadro
A2: Lunghezza del petalo
A3: Somma di Contatore | B3: Etichette di colonna
A4: Etichette di riga | B4: Alto | C4: Basso | D4: Medio | E4: Totale complessivo
A5: setosa | C5: 50 | E5: 50
A6: versicolor | B6: 2 | D6: 48 | E6: 50
A7: virginica | B7: 44 | D7: 6 | E7: 50
A8: Totale complessivo | B8: 46 | C8: 50 | D8: 54 | E8: 150
A10: Valori attesi
A11: Setosa | B11: Versicolor | C11: Virginica
A12: =$E5*B$8/$E$8 -> 15.333333 | B12: =$E5*C$8/$E$8 -> 16.666667 | C12: =$E5*D$8/$E$8 -> 18
A13: =$E6*B$8/$E$8 -> 15.333333 | B13: =$E6*C$8/$E$8 -> 16.666667 | C13: =$E6*D$8/$E$8 -> 18
A14: =$E7*B$8/$E$8 -> 15.333333 | B14: =$E7*C$8/$E$8 -> 16.666667 | C14: =$E7*D$8/$E$8 -> 18
A17: Valori attesi, li calcoliamo come: ((valore riga)*(totale colonna))/(totale complessivo)
A19: Quindi, applichiamo il chi quadro
A21: =_xlfn.CHISQ.TEST(B5:D7,A12:C14) -> 5.6942709e-40
A22: la nostra H0 era che le due sono indipendenti, è vero?

Sheet Consegna
A1: Consegna
A3: Rispondi in modo conciso e incolla screenshot dei grafici.
A5: Q1) Quale coppia di feature separa meglio le classi?
A6: Q2) Dove vedi sovrapposizioni tra classi?
A7: Q3) Hai trovato outlier? Sono errori o informazione?
A8: Q4) Z-score vs Min-Max: quando useresti l’uno o l’altro?
A9: Q5) Perché è importante standardizzare prima di alcuni modelli?
